id,name,email,country,created_at
1,Jamie Stewart,stephanie45@example.org,US,2026-03-25
2,Joan Sanchez,richardsonrachel@example.net,ES,2026-05-18
3,Kristina Miller,vberg@example.org,FR,2026-02-10
4,Devin Franklin,hamiltonamanda@example.net,US,2026-01-28
5,Kimberly Holland,invalid_email,FR,2026-04-06
6,Emma Matthews,taylorsheryl@example.net,ES,2026-01-23
7,Amanda Mills,alexandra55@example.com,ES,2026-03-07
8,Ivan Walker,invalid_email,FR,2026-04-27
9,Steven Russo,perry40@example.org,UK,2026-02-07
10,Matthew Rogers,jcain@example.net,DE,2026-05-06
11,Ana Smith,vaughnjeremiah@example.com,DE,2026-03-30
12,Brian Jones,wileybreanna@example.org,US,2026-05-25
13,Robert Gibson,williamssteven@example.org,ES,2026-02-24
14,Christian Thomas,jo34@example.com,,2026-04-04
15,Andrew Rogers,lopezandre@example.org,FR,2026-05-30
16,Amy Duran,tracybass@example.net,FR,2026-01-11
17,Nicole Bauer,fpowell@example.com,UK,2026-01-15
18,Michael Bowers,aliciagarcia@example.net,FR,2026-05-07
19,Zachary White,emilyluna@example.org,US,2026-05-15
20,Jason Moss,fletcherdanielle@example.com,US,2026-03-30
21,Anthony Peterson,reyescarolyn@example.net,US,2026-01-04
22,Susan Martinez,invalid_email,ES,2026-01-13
23,Daniel Williams,masseychad@example.org,FR,2026-03-06
24,Kimberly Brown,pcampbell@example.org,UK,2026-05-22
25,Anita Snow,thompsonkaren@example.org,,2026-05-22
26,Lisa Collins,hinespeter@example.org,FR,2026-01-26
27,Kurt Hansen,steventrujillo@example.org,DE,2026-03-06
28,Brenda Foster,slewis@example.net,DE,2026-01-08
29,James Proctor,davidmiller@example.com,UK,2026-01-02
30,Hannah Simpson,rojasalexandria@example.com,,2026-01-23
31,Emily Delgado,jacksonnicole@example.org,ES,2026-05-16
32,Natalie Bishop,devinmckee@example.net,DE,2026-05-03
33,Seth Stevens,jason30@example.org,ES,2026-03-19
34,Michael Sawyer,austinrodriguez@example.com,ES,2026-01-09
35,Jamie Yates,melissawoods@example.org,DE,2026-03-27
36,Dr. Nicole Taylor,zbaker@example.net,ES,2026-05-06
37,Antonio Gonzalez,nfoster@example.com,ES,2026-01-20
38,Stephen Harris,knighteric@example.com,FR,2026-05-26
39,Laura Beard,michaeldavis@example.org,FR,2026-06-07
40,Sarah Kennedy,santiagolisa@example.com,FR,2026-03-21
41,Ashley Hart,invalid_email,UK,2026-01-18
42,Willie Burgess,ngoodman@example.org,UK,2026-01-29
43,Linda Gamble,uwells@example.com,,2026-02-11
44,Brandon Jones,lauracopeland@example.net,FR,2026-04-20
45,John Conner,benjaminsmall@example.org,UK,2026-05-13
46,Alexandra Murphy,james47@example.com,DE,2026-05-28
47,Michelle Pena,jameslewis@example.net,FR,2026-01-24
48,Shawn Martin DDS,ywilson@example.net,FR,2026-02-12
49,Nicholas Barton,adam72@example.org,UK,2026-03-13
50,Steven Higgins,kathleen22@example.com,UK,2026-05-21
51,Amanda Lowe,xhall@example.net,ES,2026-03-04
52,Leonard Harding,amiller@example.com,DE,2026-03-05
53,Frederick Page,tiffanymcdaniel@example.com,US,2026-01-31
54,Christian Dunn,spencer14@example.net,,2026-05-27
55,Elizabeth Goodwin,nathancolon@example.net,UK,2026-01-28
56,Heather Anthony,bhoward@example.org,ES,2026-04-15
57,Erin Williams,,US,2026-05-13
58,Virginia Moore,invalid_email,ES,2026-02-06
59,Teresa Barrett,ryan20@example.com,,2026-04-06
60,Christopher Norris,djohnson@example.net,,2026-05-11
61,Steven Livingston Jr.,emmawest@example.com,UK,2026-02-04
62,Douglas Adams,lesliemorris@example.net,ES,2026-02-18
63,Cody Brown,michael72@example.net,,2026-02-20
64,Angela Wells,jamesbeck@example.org,UK,2026-05-31
65,David Rangel,whitebrad@example.com,UK,2026-01-13
66,Aaron Calderon,zmcpherson@example.com,UK,2026-01-15
67,Robert Parks DVM,ygreen@example.org,UK,2026-01-20
68,Terry Osborne,ebyrd@example.com,FR,2026-01-28
69,Arthur Tyler,dominique22@example.org,,2026-05-03
70,Linda Hicks,joe22@example.org,,2026-06-06
71,Larry Campbell,evansmatthew@example.com,FR,2026-04-23
72,Nicholas Sullivan,david71@example.org,DE,2026-01-12
73,Michael Schneider,robersonmichelle@example.net,ES,2026-03-18
74,Mario Thompson,coreyray@example.org,US,2026-02-25
75,George Day,invalid_email,UK,2026-02-02
76,Paul Browning,ashleyrice@example.net,UK,2026-06-05
77,Angela Huffman,kimberlyanderson@example.com,FR,2026-02-27
78,Brian Martinez,hallcynthia@example.org,US,2026-05-30
79,Christopher Armstrong,christophercampos@example.com,DE,2026-02-06
80,Amanda Atkinson,april00@example.org,US,2026-04-07
81,Eric Johnson,zwilliams@example.com,US,2026-01-15
82,Emily Martinez,kimpatricia@example.org,FR,2026-04-22
83,Toni Hall,andersonkatie@example.org,US,2026-02-24
84,Brian Quinn,joshuablack@example.net,FR,2026-05-20
85,Richard Ritter,james33@example.org,US,2026-04-30
86,Heather Reed,cindy47@example.com,,2026-02-14
87,Michelle Lyons,bballard@example.org,US,2026-01-22
88,Craig Baxter,carlawalker@example.net,,2026-02-04
89,Matthew Winters,invalid_email,US,2026-04-18
90,Stephanie Smith,sanchezalexandra@example.org,ES,2026-04-10
91,Sara Hill,garzakimberly@example.com,FR,2026-05-10
92,Todd Goodwin,liaudrey@example.com,ES,2026-05-01
93,Patrick Hodges,vperez@example.com,ES,2026-01-19
94,Earl Lopez,invalid_email,UK,2026-04-13
95,Sandra Patel,jeffreymclaughlin@example.org,US,2026-04-06
96,Lisa Taylor,nmartin@example.com,,2026-05-11
97,Michele Powers,dana47@example.org,,2026-02-16
98,Cheyenne Hampton,allenallen@example.com,FR,2026-02-23
99,John Watkins,brockbrian@example.org,FR,2026-02-20
100,Nicole Jones,williambryant@example.org,FR,2026-03-21
101,James Wang,jcarlson@example.com,FR,2026-06-04
102,Derrick Owens,stacyswanson@example.com,UK,2026-01-11
103,Mr. Darrell Gonzalez,alison45@example.net,UK,2026-02-26
104,Marvin Beck,yanderson@example.org,ES,2026-03-22
105,Jessica Lyons,ryanperry@example.net,DE,2026-01-06
106,Steve Gray,reedbrittany@example.org,,2026-03-28
107,Christina Gordon,freemancassidy@example.org,,2026-03-31
108,Ms. Lauren Blanchard MD,xthompson@example.com,ES,2026-03-16
109,Richard Anderson,btaylor@example.net,US,2026-04-02
110,Dana Smith,dawnrusso@example.net,,2026-05-22
111,Deborah Irwin,james34@example.org,US,2026-02-19
112,Randy Fuller,mooreandrea@example.net,DE,2026-02-15
113,Sheila Jennings,taylorcory@example.net,US,2026-02-06
114,Eric Carr,rcruz@example.net,ES,2026-04-29
115,Gregory Bruce,daniel57@example.com,UK,2026-03-27
116,Philip Middleton,tara42@example.net,DE,2026-05-04
117,Melissa Walker,,UK,2026-01-16
118,Michael Hamilton,jeffreyrichardson@example.org,,2026-03-19
119,Brad Smith,mooreanthony@example.com,DE,2026-04-20
120,Mark Hubbard,,FR,2026-03-07
121,Kenneth Graham,qfreeman@example.com,DE,2026-04-08
122,Danielle Adams,lauravelez@example.org,,2026-02-18
123,Sharon Ramirez,invalid_email,,2026-03-10
124,Diamond Alvarez,douglaswilliams@example.com,,2026-06-04
125,Rachel Steele,lisacrawford@example.net,ES,2026-03-30
126,Debra Farrell,garciajeffrey@example.net,UK,2026-05-11
127,Alexis Davila,ssmith@example.com,,2026-03-05
128,Michael Carter,sharpmichelle@example.com,DE,2026-05-09
129,Anthony Norman,twise@example.net,ES,2026-05-07
130,Kimberly Browning,natalieolson@example.com,FR,2026-01-15
131,James Miller,alexanderrogers@example.net,FR,2026-03-02
132,Sheila Santos,angela39@example.com,UK,2026-03-12
133,Kevin Kim,kyle99@example.org,UK,2026-01-15
134,Scott Cruz,medinajames@example.com,FR,2026-01-14
135,Bruce Maldonado,mitchell61@example.net,UK,2026-01-20
136,Terri York,aaronwilliams@example.com,ES,2026-02-23
137,Patrick Kennedy,ghammond@example.com,FR,2026-03-08
138,Anna Hall PhD,williamclark@example.org,ES,2026-04-06
139,Kelsey Cunningham,bonnie10@example.net,,2026-05-29
140,Jacob Phillips,tnewman@example.org,US,2026-02-01
141,Susan Wallace,wrightdylan@example.net,US,2026-02-22
142,Maurice Fowler,marilynjones@example.org,DE,2026-04-15
143,Alicia Fowler,elizabethhart@example.com,UK,2026-02-25
144,Jesse Owens,katherineharper@example.com,FR,2026-01-28
145,Sarah Rhodes,lucasmichael@example.com,US,2026-01-03
146,Christopher Johnson,carrie83@example.com,ES,2026-04-01
147,Roger Schneider,jennifermills@example.com,,2026-03-28
148,Samantha Reynolds,,FR,2026-06-02
149,Austin Robles MD,asmith@example.org,,2026-01-23
150,Jordan Moore,yparker@example.net,US,2026-03-17
151,Joseph Gomez,schneidertiffany@example.org,US,2026-03-05
152,Wendy Gray,kennethlong@example.com,,2026-04-25
153,Heather Davis,calhounrhonda@example.org,UK,2026-05-03
154,Andrea Andersen,donna05@example.org,DE,2026-02-16
155,Jennifer Griffith,cynthia15@example.org,FR,2026-03-09
156,Carol Frye,ggonzalez@example.net,DE,2026-05-25
157,Jacob Cohen,kyledixon@example.net,FR,2026-01-02
158,Ronald Young MD,invalid_email,,2026-04-26
159,Jeffrey Bell,holmesgloria@example.org,,2026-03-21
160,Bill Rangel,shannon46@example.org,UK,2026-03-07
161,Gloria Lambert,fevans@example.net,,2026-04-13
162,Alexander Johnson,williamsbrenda@example.org,DE,2026-04-29
163,Brian English,jacksonmichelle@example.org,DE,2026-02-07
164,Christopher Mcknight,tristanallen@example.net,DE,2026-02-17
165,Julie Oneill MD,claire34@example.com,ES,2026-01-27
166,Ashley Parrish,lisamoody@example.com,UK,2026-04-26
167,James Bolton,susanhamilton@example.com,,2026-04-03
168,Jennifer Flynn,anthonymartin@example.org,FR,2026-05-07
169,Andrew Norman,cookjeffrey@example.org,ES,2026-04-19
170,Christian Green,sgreen@example.org,US,2026-04-25
171,Brandon Harris,shafferrobin@example.org,UK,2026-02-18
172,Elizabeth Shaffer,angela04@example.net,DE,2026-01-14
173,Amanda Santos,julie63@example.com,UK,2026-03-06
174,George Wilson,powellfrancisco@example.net,DE,2026-03-09
175,Peter Owen,thomashughes@example.org,,2026-04-23
176,Shane Jenkins,waremichael@example.org,FR,2026-02-20
177,Felicia Bell,aaronfrederick@example.org,,2026-02-04
178,Shelby Taylor,tami70@example.com,FR,2026-05-16
179,Steven Galloway,,US,2026-03-10
180,Chelsea Travis,brittany07@example.org,ES,2026-04-01
181,Alyssa Sutton,russellisabel@example.net,US,2026-04-26
182,Justin Wells,fanderson@example.com,UK,2026-05-06
183,Brandon Jennings,mariawebb@example.com,FR,2026-01-22
184,Michael Figueroa,millertyler@example.org,UK,2026-04-18
185,Kevin Ford,usalazar@example.net,US,2026-05-01
186,Dale Taylor,stacybaker@example.com,FR,2026-05-17
187,Debbie Morris,invalid_email,FR,2026-03-09
188,Mrs. Heidi Wilcox,peter26@example.org,,2026-04-11
189,Chris Young,perezmatthew@example.com,FR,2026-04-14
190,Andrew Watkins,pstevens@example.net,ES,2026-01-27
191,Mr. Tyler Perez,michelle44@example.org,FR,2026-03-28
192,Matthew Kim,bcase@example.com,UK,2026-01-11
193,Mark Hampton,wesley47@example.org,,2026-04-12
194,Pamela Price,zamorarichard@example.net,US,2026-04-29
195,Todd Rose,mitchellalicia@example.org,ES,2026-01-25
196,Phillip Cooley,,DE,2026-04-04
197,Robert Snow,deckerkelly@example.net,ES,2026-01-15
198,Gilbert Mccullough,brentrangel@example.org,,2026-04-18
199,Erica Chandler,nicholascollins@example.com,FR,2026-05-15
200,Mark Mendoza,ghernandez@example.net,FR,2026-04-13
201,Daniel Davis,veronicahernandez@example.org,FR,2026-03-07
202,Shawn Edwards,elizabeth17@example.org,FR,2026-03-07
203,Ronald Rodriguez,sylvia39@example.net,US,2026-01-28
204,Paul Hernandez,lcrane@example.org,ES,2026-06-01
205,Barbara Townsend,,DE,2026-05-04
206,David Martin,gomezvictoria@example.com,UK,2026-02-23
207,Carlos Garza,rileydebra@example.com,ES,2026-05-18
208,Meghan Miller,robertcooper@example.org,,2026-04-11
209,Ralph Cooper,,,2026-02-02
210,Julia Smith,icook@example.net,DE,2026-04-24
211,Pamela Carpenter,larrywilson@example.com,UK,2026-03-18
212,Cory Lawson Jr.,nbates@example.org,UK,2026-03-15
213,Nicole Martin,vincent82@example.com,,2026-03-19
214,John Nelson,wrightmatthew@example.net,FR,2026-02-07
215,Nicholas Ross,wheelerkelly@example.org,US,2026-04-19
216,Kyle Ramirez,david74@example.org,,2026-01-31
217,Ellen Garcia,robertfry@example.net,UK,2026-03-31
218,Karen Morales,susanmarks@example.com,DE,2026-05-26
219,Cindy Pitts,gbrown@example.org,DE,2026-01-26
220,Larry Gonzalez,danielwoodward@example.net,US,2026-01-30
221,Kevin Waters,scottjacqueline@example.org,DE,2026-02-18
222,Joseph Bradley,hillstephanie@example.org,UK,2026-04-17
223,Peggy Miller,invalid_email,ES,2026-04-20
224,Michael Pham,lisa88@example.com,,2026-06-07
225,Albert Avery,skinnerrichard@example.org,US,2026-04-22
226,Peter Casey,stewartruben@example.com,ES,2026-01-18
227,Malik Alvarado,vrodriguez@example.net,FR,2026-04-30
228,Terri Rasmussen,robert98@example.com,,2026-02-04
229,Hannah Wright DDS,millerrobert@example.net,US,2026-01-04
230,Whitney Sanchez,nbaker@example.org,FR,2026-03-20
231,Richard Edwards,youngblake@example.com,ES,2026-04-30
232,Tamara Dickerson,anthony91@example.net,US,2026-05-13
233,Leslie Ruiz,beckgilbert@example.net,FR,2026-04-09
234,Michael Washington,invalid_email,UK,2026-04-18
235,Catherine Andrews,fchen@example.org,US,2026-03-31
236,Shannon Henry,tammy66@example.com,FR,2026-03-30
237,Keith Moore,kellymcfarland@example.org,US,2026-04-11
238,Gloria Boyer,michaelkelley@example.org,FR,2026-01-28
239,Jessica Watson,ibarracarrie@example.org,ES,2026-04-24
240,Carlos Oneill,voliver@example.net,FR,2026-04-27
241,Bradley Henderson,cole32@example.net,FR,2026-03-23
242,Michael Gates,ucastaneda@example.org,,2026-05-31
243,Ashley Morgan,jillian98@example.org,,2026-01-11
244,Susan Kelly,kimberly28@example.net,ES,2026-03-14
245,Alicia Spears,ayalaheather@example.com,DE,2026-02-08
246,Donald Hancock,uhawkins@example.org,UK,2026-01-24
247,Scott Thomas,richardlee@example.com,FR,2026-03-25
248,Anthony Pollard,michellecalderon@example.org,DE,2026-01-10
249,Heather Lopez,booneholly@example.org,,2026-02-03
250,Christopher Morales,daniel36@example.com,,2026-02-21
251,Gabrielle Mata,ttrevino@example.org,ES,2026-01-31
252,Anthony Carson,ymiller@example.com,DE,2026-01-28
253,Jordan Cox,gflowers@example.net,FR,2026-03-16
254,Erik Lopez,ihill@example.com,FR,2026-01-07
255,Joseph Ramirez,mcgeelinda@example.org,UK,2026-01-23
256,Benjamin Lane,marilyndiaz@example.org,,2026-01-14
257,Erica Dean,shermananthony@example.net,,2026-05-11
258,Jacqueline Brock,bstevens@example.org,FR,2026-03-17
259,Jean Cox,,ES,2026-05-13
260,Kylie Bailey,karen37@example.com,ES,2026-06-01
261,Brianna Carr,carolynwhitney@example.net,FR,2026-05-21
262,Amanda Wallace,christopherestes@example.net,ES,2026-04-07
263,Elizabeth Robinson,cbell@example.com,UK,2026-05-22
264,Jennifer Martin,flowersalexandra@example.net,DE,2026-05-27
265,Darryl Matthews,vyork@example.com,US,2026-01-27
266,Anthony Miller,ofisher@example.net,FR,2026-02-05
267,Tamara Hernandez,deborahcook@example.org,ES,2026-05-09
268,Gabrielle Jones,robertssarah@example.net,,2026-04-30
269,Melissa Lindsey,jlindsey@example.net,US,2026-03-11
270,Daniel Velazquez,vanessa26@example.net,,2026-01-26
271,Henry Bell,ogordon@example.org,,2026-04-01
272,Shaun Singh,juan17@example.net,US,2026-04-08
273,Patrick Gonzalez,krivera@example.org,US,2026-06-02
274,Marcus Larsen,aaron92@example.org,DE,2026-02-19
275,John White,kfisher@example.com,,2026-01-02
276,Jason Jacobs,gperez@example.org,UK,2026-03-18
277,Annette Rivera,dwaynebenton@example.com,,2026-02-10
278,Kathleen Malone,chart@example.org,ES,2026-04-23
279,Abigail Williams,kingdana@example.org,FR,2026-03-30
280,Nicole Bruce,andreachurch@example.net,,2026-01-22
281,Sandra Nelson,keithwilliam@example.net,UK,2026-01-04
282,Marco Winters,carmen51@example.org,ES,2026-06-07
283,Marie Ortiz,invalid_email,UK,2026-03-04
284,Leah Golden,pbenson@example.org,DE,2026-02-06
285,Jennifer Hill,invalid_email,,2026-01-21
286,Patrick Stevenson,christopher99@example.org,US,2026-02-20
287,Katherine Drake,michaelromero@example.org,US,2026-04-04
288,Sandra Foster,hyang@example.com,,2026-03-04
289,Richard Edwards,nfisher@example.org,US,2026-06-05
290,Tina Gonzalez,christinanorton@example.net,,2026-02-19
291,Christopher Serrano,julia33@example.com,DE,2026-01-26
292,Christopher David,sedwards@example.net,ES,2026-04-19
293,Benjamin Cook,dudleylauren@example.net,ES,2026-01-10
294,Hannah Williams,timothyjennings@example.org,US,2026-01-02
295,Joshua Humphrey,rachael77@example.com,FR,2026-01-24
296,Ashley Ryan,invalid_email,US,2026-04-10
297,Lori Burns,nathaniel33@example.com,FR,2026-01-20
298,David Holt,josewilliams@example.com,,2026-05-30
299,Mrs. Glenda Gilbert,torrestina@example.net,DE,2026-04-07
300,Vicki Ramos,hhumphrey@example.org,FR,2026-03-22
301,Miguel Martinez,alicia37@example.net,,2026-01-29
302,Jeffrey Gregory,ricardonewman@example.net,ES,2026-02-25
303,Julie Smith,vcervantes@example.net,FR,2026-05-16
304,Keith Mathews,ballbrian@example.org,,2026-01-07
305,Hunter Crosby,invalid_email,UK,2026-05-15
306,Dylan Pitts,vincent14@example.com,US,2026-05-31
307,Joshua Brooks,invalid_email,ES,2026-05-22
308,Martha Morales,ericlynch@example.com,FR,2026-03-03
309,Samantha Evans,zhoffman@example.org,ES,2026-04-13
310,Bryan Hernandez,gutierrezdavid@example.org,US,2026-01-17
311,Jennifer Patrick,kevin87@example.net,US,2026-02-21
312,Rachel Torres,davidwatts@example.com,,2026-01-20
313,Tyler Maynard,garciajulian@example.com,DE,2026-01-19
314,Cody Gonzalez,,US,2026-01-06
315,Jacqueline Johnson,walkerandrew@example.com,,2026-05-27
316,Amy Miller,srivera@example.net,,2026-03-17
317,Jay Barrett,eddiemorgan@example.net,FR,2026-01-22
318,Scott Hayes,baileytravis@example.org,UK,2026-02-05
319,Dwayne Smith MD,luisrussell@example.net,UK,2026-01-24
320,Karen Guzman,qsparks@example.com,ES,2026-05-25
321,Lindsey Meyer,eortiz@example.net,US,2026-03-22
322,Daniel Jones,invalid_email,UK,2026-02-19
323,Harold Cole,edwardhutchinson@example.org,FR,2026-02-03
324,Melissa Jordan MD,loretta14@example.net,ES,2026-04-01
325,Dustin Gardner,wendy22@example.com,UK,2026-02-24
326,Teresa Lopez,greenejared@example.org,,2026-03-31
327,Marie Peterson,doris96@example.net,ES,2026-02-19
328,Charles Williamson,ronald58@example.net,UK,2026-02-21
329,Norma Stein,yjohnson@example.com,US,2026-05-30
330,Brooke Morales,martinezvicki@example.net,UK,2026-03-06
331,Lisa Gardner,youngbrandon@example.org,UK,2026-01-20
332,Douglas Miller,woodsjulie@example.net,US,2026-04-25
333,Jay Pena,rodriguezjohn@example.org,UK,2026-05-10
334,Amber Snyder,reesekaitlyn@example.org,UK,2026-04-20
335,Marc Vargas,cameronkeith@example.net,UK,2026-01-10
336,Michael Ware,lisa55@example.com,DE,2026-02-22
337,Chad Young,upowell@example.com,,2026-02-22
338,Mary Villa,colin31@example.com,FR,2026-03-14
339,Jennifer Howard,zamoradavid@example.net,US,2026-04-10
340,Lisa Morgan,,,2026-01-16
341,Jennifer Barrera,butlerjulie@example.net,ES,2026-05-12
342,Andrea Larson,allison26@example.net,US,2026-03-15
343,Michael Gonzalez,jacob42@example.com,UK,2026-01-18
344,Thomas Martin,hayescheryl@example.com,US,2026-03-14
345,Susan Anderson,sheilamorris@example.com,ES,2026-01-26
346,Kaitlin Brown,ethomas@example.org,US,2026-04-04
347,Neil Davis,andrew33@example.org,US,2026-03-13
348,Matthew Hamilton,moralestoni@example.net,FR,2026-04-24
349,Brian Copeland,albert91@example.org,US,2026-04-08
350,Samantha Carter,kingnancy@example.org,ES,2026-05-17
351,Manuel Brooks,richardfitzpatrick@example.com,UK,2026-05-24
352,Sarah Vasquez,marycurtis@example.org,UK,2026-05-25
353,Emily Moore,goodwinstephen@example.org,UK,2026-04-06
354,Loretta Parker,mark57@example.net,US,2026-02-01
355,Ashley Banks,catherine93@example.org,FR,2026-05-03
356,Lindsay Kelly,sholland@example.org,DE,2026-01-22
357,Miguel Elliott,pjones@example.org,US,2026-01-13
358,Molly Johnson,jasminturner@example.com,ES,2026-04-27
359,Nathan Shields,,US,2026-03-25
360,Zachary Goodwin,jmcclain@example.org,,2026-03-27
361,Ryan Robbins,jamiegriffin@example.org,,2026-04-16
362,Austin Jenkins,invalid_email,FR,2026-04-15
363,Kimberly Mckinney,ipacheco@example.com,,2026-01-12
364,Michael Benson,gcollins@example.net,UK,2026-03-28
365,Kenneth Figueroa,millerkaren@example.net,US,2026-02-05
366,Christopher Mcintyre,cortezjane@example.com,UK,2026-02-15
367,Samuel Sanchez,stephenmartinez@example.com,US,2026-05-26
368,Robert Castro,ggreene@example.org,FR,2026-01-10
369,Daniel Burton,fshepherd@example.org,,2026-05-05
370,Carrie Charles,kirkjessica@example.net,,2026-05-08
371,Mr. Randy Harris,joshua21@example.com,DE,2026-05-22
372,Derek Myers,westscott@example.net,,2026-05-11
373,Barbara Davis,phillipsbrenda@example.org,,2026-03-23
374,Jose Ritter,foleydaniel@example.net,UK,2026-04-13
375,Mary Smith,burkemelissa@example.com,ES,2026-03-01
376,Tracy Smith,lindamccarty@example.org,DE,2026-05-24
377,Taylor Sanchez,todd17@example.com,US,2026-01-28
378,Jeffrey Miller,johnsontracy@example.net,,2026-01-26
379,Douglas Smith,jensenchristine@example.net,DE,2026-06-05
380,Michael Hall,normanangel@example.org,,2026-02-16
381,Johnny Clay,keith09@example.net,UK,2026-04-27
382,Jade Conley,aday@example.net,FR,2026-02-27
383,Andrew Lewis,gabrielle24@example.net,,2026-05-28
384,Patrick Long,sarahwoodward@example.org,UK,2026-04-04
385,Ryan Bryant,kaylameadows@example.net,ES,2026-05-10
386,Carrie Cooper,jchavez@example.net,FR,2026-05-23
387,Matthew Johnson,rebeccagonzalez@example.net,,2026-02-05
388,Ryan Anderson,nicolenelson@example.org,DE,2026-02-08
389,Joanna Vargas,joshua09@example.com,,2026-04-08
390,Derrick Williams,martineznicole@example.net,US,2026-05-17
391,Antonio House,hjackson@example.net,ES,2026-02-16
392,Leslie Stephens,tyler85@example.org,US,2026-01-03
393,Kathy Terry,loriscott@example.org,DE,2026-03-26
394,Bruce Harrington,michelle57@example.org,FR,2026-05-14
395,Tammy Flores,mcculloughstephanie@example.net,,2026-02-15
396,Brian Fowler,aaron01@example.net,US,2026-04-07
397,Daniel Case,sullivankevin@example.org,US,2026-05-07
398,Lisa Butler,invalid_email,US,2026-01-26
399,Gloria Gregory,kimberly39@example.net,FR,2026-04-13
400,Rachel Brown,brownsabrina@example.com,DE,2026-04-01
401,Joseph Lewis,ahuff@example.net,US,2026-03-21
402,Michael Dorsey,lharris@example.net,ES,2026-01-22
403,James King,joanmiller@example.net,ES,2026-05-29
404,Danielle Ramos,devin29@example.org,,2026-05-25
405,Antonio Valentine,pamelafischer@example.com,ES,2026-05-22
406,Ryan Lane,christopher29@example.org,UK,2026-05-01
407,Amy Thomas,rnguyen@example.net,US,2026-03-17
408,Megan Crawford,heatherkeller@example.net,,2026-04-28
409,Melanie Benson,mccannalan@example.net,UK,2026-01-25
410,Veronica Barnes,georgeglover@example.org,ES,2026-05-14
411,Thomas Olsen,daniellemorales@example.org,ES,2026-04-25
412,Michael Santana,qdavis@example.com,US,2026-05-17
413,Tara Powell,kbailey@example.com,FR,2026-01-24
414,Jessica Stone,anthonyporter@example.org,FR,2026-06-01
415,Jessica Montoya MD,gregory54@example.com,,2026-04-24
416,Jonathan Martin,jacqueline70@example.org,UK,2026-05-07
417,John Holt,vcruz@example.com,FR,2026-05-09
418,Kendra Alvarez,michaelhoward@example.com,,2026-02-17
419,Joseph Marquez,ryanlee@example.org,FR,2026-04-29
420,Pamela Berry,barrerajames@example.org,US,2026-01-01
421,Roger Johnson,gutierreztodd@example.org,FR,2026-06-04
422,Brenda Mcclain,lindawilliams@example.net,US,2026-03-15
423,Tanya Kennedy,,ES,2026-04-12
424,Kim Holloway,rachel28@example.net,UK,2026-01-01
425,Hannah Murphy,alexis19@example.com,US,2026-04-15
426,Paul Fields,ryoung@example.org,US,2026-03-25
427,Kenneth Gutierrez,elane@example.com,FR,2026-04-16
428,Jacob Lee,megan84@example.org,,2026-02-24
429,Amy Chavez,tabithaharrison@example.org,US,2026-05-11
430,Kelly Gardner,estewart@example.net,FR,2026-04-17
431,Joshua Gay,dawnburnett@example.net,,2026-03-26
432,Nathan Henderson,thomaspineda@example.com,US,2026-03-07
433,Christine Archer,flong@example.org,US,2026-02-05
434,Lauren Pham,garciacarlos@example.com,DE,2026-04-06
435,James Harrington,hillantonio@example.net,,2026-05-03
436,Ashley Warren,payneedward@example.org,ES,2026-03-29
437,Sherry Stevens,powens@example.com,ES,2026-03-20
438,Joshua Tucker,henry90@example.org,US,2026-01-13
439,Dr. Andrew Romero,timothy93@example.net,,2026-04-12
440,Linda Byrd,lindseybeck@example.org,ES,2026-04-08
441,Shawn Houston,nsantos@example.com,ES,2026-01-10
442,Peter Wilcox,benjamincarlos@example.net,DE,2026-01-12
443,Rebecca King,tbernard@example.org,,2026-01-20
444,Jessica Cruz,invalid_email,,2026-05-02
445,Sarah Phillips,kelly79@example.net,FR,2026-06-01
446,Scott Crawford,sprice@example.net,,2026-04-30
447,Rose Moran,richardtaylor@example.net,FR,2026-04-26
448,Stephanie Bean,rparsons@example.com,US,2026-03-12
449,Kevin Davis,nicholsonjames@example.org,ES,2026-02-13
450,Ashley Bush,ogarner@example.org,DE,2026-04-05
451,Charles Lindsey,pjacobs@example.com,DE,2026-05-29
452,Michael James,annahiggins@example.org,DE,2026-03-07
453,Melissa Morgan,paulbernard@example.net,US,2026-06-02
454,Jamie Sanchez,danielsaustin@example.net,,2026-05-09
455,Tanya Bauer DVM,rebecca24@example.com,ES,2026-05-02
456,Stacie Miller,shelly22@example.net,US,2026-05-30
457,Adam Douglas,davenportjonathan@example.net,ES,2026-03-03
458,Dr. Jennifer Stevens MD,kimberly90@example.com,US,2026-03-28
459,Taylor Edwards,caitlin06@example.com,DE,2026-03-26
460,Kelly Valentine,brittany94@example.org,UK,2026-01-18
461,Jennifer Mata,garyscott@example.com,ES,2026-02-18
462,Gilbert Medina,steven37@example.net,FR,2026-05-26
463,Mrs. Teresa Adams,victormyers@example.com,,2026-05-28
464,Daniel White,invalid_email,,2026-02-02
465,Ricardo Lyons,cbowman@example.com,UK,2026-05-27
466,Tabitha Webb,edward83@example.org,DE,2026-05-05
467,Michael Duran,,US,2026-02-24
468,Maria Gallegos,patricklewis@example.net,,2026-05-05
469,Maria Miller,ashleymorgan@example.net,UK,2026-01-11
470,Jeffrey Chapman,adamsadam@example.org,,2026-04-25
471,Heather Richardson,lindsaysawyer@example.org,UK,2026-05-31
472,Sarah Rodriguez,angela42@example.net,,2026-02-19
473,Tonya Murphy,udelgado@example.com,FR,2026-03-01
474,Christy Rose,donna08@example.com,DE,2026-01-25
475,Angela Glass,donnasanford@example.com,UK,2026-01-28
476,John Perkins,herbert96@example.org,UK,2026-06-07
477,Richard Nielsen,kevingriffith@example.org,ES,2026-03-16
478,Casey Mitchell,donalddavis@example.org,DE,2026-05-08
479,Dawn Woodward,ronald50@example.com,UK,2026-01-03
480,Lauren Hernandez,ilee@example.net,ES,2026-02-23
481,Christopher Branch,mnewman@example.net,ES,2026-04-02
482,David Brown,garciabeth@example.com,ES,2026-02-22
483,Carrie Rodriguez,wilsonphilip@example.net,FR,2026-01-09
484,Jason Johnson,hlara@example.org,,2026-06-06
485,Leslie Wilson,shirley98@example.org,DE,2026-01-31
486,Paula Lee,sandragreer@example.org,UK,2026-03-10
487,Mary Hoover,amandathompson@example.com,US,2026-05-28
488,Gregory Schwartz,alanthornton@example.org,,2026-05-08
489,Katelyn Hurley,chrisfletcher@example.net,,2026-05-05
490,Ryan Sherman,alexawagner@example.com,FR,2026-03-18
491,Christopher Rodriguez,tammywatkins@example.net,US,2026-01-07
492,John Morgan,jmitchell@example.net,FR,2026-05-18
493,Michelle Morrison,klane@example.com,UK,2026-01-05
494,Andrew Dixon,morsestephen@example.org,,2026-01-19
495,Ryan Boyd,kellyfreeman@example.net,DE,2026-01-14
496,Kathleen Smith,rrhodes@example.com,,2026-03-04
497,Brandy Gonzalez,twood@example.org,US,2026-03-12
498,Elizabeth Lewis DDS,invalid_email,US,2026-01-04
499,Miguel Russell MD,barbara62@example.net,UK,2026-04-13
500,Jennifer Simpson,oharrison@example.org,ES,2026-05-12
