id,order_id,product_id,quantity,unit_price
1,370,35,5,185.47
2,817,272,3,43.48
3,949,191,3,938.89
4,992,268,0,1286.87
5,575,56,4,1438.93
6,939,96,5,915.39
7,520,68,1,855.99
8,916,233,2,1486.0
9,764,206,2,735.09
10,919,35,1,977.12
11,428,101,5,
12,489,17,4,1459.36
13,465,221,5,73.63
14,782,283,4,420.63
15,660,5,1,1684.03
16,676,86,2,1559.86
17,465,82,3,428.43
18,185,108,1,1114.6
19,999,81,-1,551.29
20,806,232,1,1233.46
21,405,184,3,1621.58
22,876,67,5,108.88
23,868,289,1,1380.09
24,135,9999,3,1502.43
25,965,170,4,1479.95
26,162,18,1,826.04
27,277,271,1,1252.79
28,601,204,3,1984.92
29,232,224,0,132.2
30,481,214,2,1000.87
31,987,41,2,1072.64
32,72,71,5,526.91
33,953,118,5,674.78
34,400,146,2,1167.36
35,801,72,5,136.13
36,5,288,0,1842.51
37,763,266,3,1154.33
38,304,155,1,223.66
39,349,9999,3,89.82
40,633,223,-1,1184.45
41,612,155,3,257.82
42,907,61,3,366.48
43,753,40,2,1138.43
44,95,297,1,1515.04
45,539,145,4,1840.79
46,889,7,1,1743.6
47,716,201,4,1117.31
48,444,229,3,1394.38
49,10,112,3,447.45
50,505,39,5,1773.09
51,37,125,3,291.44
52,489,214,2,1087.76
53,592,127,5,30.13
54,873,296,2,1852.14
55,122,110,3,92.58
56,389,299,3,577.83
57,207,197,1,1088.61
58,597,6,3,757.81
59,209,247,5,253.11
60,41,148,0,1027.3
61,646,123,0,1620.48
62,544,292,0,135.5
63,571,259,1,200.45
64,802,135,4,1072.92
65,709,205,5,256.35
66,594,257,4,586.13
67,856,58,2,1586.59
68,393,289,1,730.63
69,143,239,4,99.05
70,715,62,3,1307.0
71,903,172,4,
72,352,19,4,1247.01
73,258,9999,2,1702.7
74,33,107,1,1483.67
75,916,150,4,348.7
76,54,129,3,1144.73
77,755,237,1,969.75
78,699,32,2,1862.67
79,527,184,5,73.25
80,184,40,1,914.22
81,769,124,5,1422.16
82,416,273,4,482.93
83,198,129,0,1519.19
84,256,183,3,1660.2
85,860,27,5,221.56
86,513,84,5,688.55
87,584,290,2,327.14
88,383,145,5,282.22
89,877,232,2,1254.54
90,601,135,3,1408.18
91,120,176,1,1688.79
92,56,102,1,435.54
93,808,292,1,401.82
94,780,83,4,812.22
95,640,154,5,1076.52
96,645,29,5,200.76
97,585,237,0,1033.17
98,978,162,1,957.85
99,341,85,0,923.25
100,133,162,5,1008.43
101,941,252,1,87.75
102,722,112,2,1564.38
103,784,53,2,788.94
104,560,265,4,1355.53
105,656,102,3,753.22
106,435,278,1,748.75
107,564,212,1,1434.95
108,45,281,2,1112.49
109,843,8,5,634.84
110,617,178,4,1805.11
111,766,26,5,76.63
112,731,136,2,1607.0
113,444,215,3,28.82
114,646,174,2,1850.23
115,333,245,1,1176.18
116,537,84,1,1162.31
117,723,198,4,1872.37
118,98,109,5,1399.39
119,597,261,5,974.34
120,126,39,1,1053.23
121,930,132,4,1187.0
122,745,266,3,137.31
123,721,233,3,420.36
124,226,24,5,221.42
125,897,50,5,1542.4
126,896,276,4,1362.2
127,449,159,4,1761.7
128,647,9999,3,1490.03
129,367,92,5,562.77
130,743,300,4,184.1
131,951,191,2,156.8
132,175,9999,5,266.46
133,423,195,2,1990.31
134,629,260,1,814.8
135,860,135,0,39.82
136,679,126,5,1932.27
137,425,6,4,
138,482,118,4,377.72
139,807,170,5,86.71
140,381,22,3,1639.07
141,271,9999,3,1787.41
142,18,247,2,1605.61
143,354,61,3,812.8
144,914,247,2,1290.83
145,363,36,3,688.94
146,5,214,2,1433.7
147,252,114,2,1613.29
148,642,131,5,1211.73
149,705,233,5,1208.84
150,219,108,1,1217.91
151,800,268,5,179.44
152,988,56,4,1881.79
153,210,92,3,90.47
154,916,77,2,441.03
155,398,43,1,1660.5
156,613,292,4,900.77
157,973,282,4,1268.16
158,337,130,1,52.91
159,553,209,2,712.04
160,783,191,2,747.19
161,976,270,5,25.01
162,888,202,1,812.36
163,7,126,5,1257.29
164,540,239,5,275.47
165,161,192,5,76.79
166,905,277,3,270.77
167,693,105,3,386.12
168,564,145,4,1558.97
169,888,209,3,1879.06
170,464,243,3,399.28
171,631,180,3,704.93
172,238,105,5,15.34
173,824,3,2,309.15
174,397,269,4,895.36
175,582,222,2,1540.59
176,930,9,3,1917.96
177,553,228,2,1277.78
178,48,199,1,572.17
179,970,172,5,1044.45
180,182,182,1,1704.41
181,901,22,3,1617.62
182,686,16,1,1769.52
183,178,257,4,533.47
184,39,10,4,556.73
185,37,119,1,1114.89
186,582,23,1,1998.09
187,290,297,2,43.6
188,926,34,5,428.47
189,200,20,4,1135.88
190,901,144,5,1577.35
191,329,59,0,1140.14
192,668,220,2,1033.48
193,991,125,4,1986.95
194,26,38,4,310.87
195,775,21,4,141.42
196,680,191,2,207.1
197,77,172,1,1051.36
198,400,120,3,1933.75
199,326,92,5,1560.18
200,522,282,0,347.42
201,800,70,5,1505.93
202,702,44,2,1299.18
203,158,39,3,388.56
204,47,70,5,43.66
205,270,60,2,217.76
206,569,9999,3,1700.35
207,386,19,1,825.31
208,997,272,2,496.69
209,944,258,3,1142.74
210,32,163,2,1259.71
211,291,78,3,261.89
212,968,51,4,675.93
213,638,240,3,1728.85
214,686,41,2,1894.4
215,800,41,3,695.99
216,944,30,2,369.56
217,838,197,5,336.82
218,776,83,3,
219,755,63,1,765.1
220,426,279,1,1097.92
221,121,142,4,1903.22
222,744,268,2,1618.24
223,362,115,1,1294.88
224,771,293,4,1592.04
225,677,42,1,511.66
226,527,246,3,
227,21,89,1,289.84
228,1,167,3,1906.39
229,152,68,3,479.48
230,501,281,0,774.71
231,733,154,1,955.99
232,154,9999,5,1820.23
233,294,223,1,1067.03
234,55,39,2,406.23
235,57,134,4,346.42
236,659,6,2,327.58
237,242,6,5,314.37
238,376,252,4,246.06
239,984,81,3,170.43
240,578,177,1,1335.7
241,53,200,5,1223.67
242,305,278,5,1557.91
243,545,49,5,1894.7
244,272,144,3,384.59
245,263,106,3,1802.41
246,975,188,2,594.44
247,517,97,3,442.78
248,548,219,4,1152.23
249,645,107,3,1445.24
250,859,142,2,836.34
251,898,43,5,1792.91
252,561,48,3,800.46
253,775,134,2,1953.38
254,248,9999,3,1688.96
255,345,132,1,138.67
256,167,261,4,1096.81
257,585,188,1,1994.65
258,387,142,3,173.38
259,710,99,1,
260,339,217,3,1190.97
261,769,75,1,931.31
262,411,160,5,1773.38
263,927,196,5,260.78
264,594,38,3,1601.93
265,832,147,5,327.33
266,414,13,5,1204.62
267,792,121,3,1580.89
268,276,280,5,838.64
269,361,84,5,1505.16
270,559,190,2,547.35
271,208,234,4,1805.67
272,873,199,1,203.05
273,780,228,1,201.03
274,544,4,4,1664.77
275,818,225,1,776.96
276,367,226,3,619.62
277,738,147,1,1770.71
278,171,245,4,341.89
279,338,39,5,270.53
280,411,35,5,834.49
281,706,1,3,1073.22
282,261,141,1,740.63
283,809,48,5,641.87
284,675,27,4,1452.84
285,843,117,1,1277.35
286,770,150,5,316.38
287,230,273,3,1893.47
288,324,73,2,1183.24
289,173,71,1,658.4
290,559,162,5,185.25
291,269,22,4,1710.02
292,159,94,4,1619.59
293,815,244,2,885.25
294,794,295,4,720.26
295,532,145,3,758.6
296,151,85,1,1524.78
297,471,35,3,1642.66
298,802,210,1,61.91
299,845,165,5,985.41
300,933,17,5,1675.24
301,267,9999,4,576.39
302,216,286,3,1022.46
303,812,286,3,10.92
304,259,263,5,658.43
305,193,18,3,535.02
306,688,51,3,1622.09
307,764,219,1,1959.53
308,87,70,2,1440.8
309,847,104,5,928.48
310,152,207,1,1036.79
311,396,267,0,104.08
312,981,260,3,175.88
313,728,180,2,1006.77
314,265,116,0,1271.72
315,765,104,4,1719.07
316,8,216,4,882.75
317,619,71,1,386.97
318,289,31,3,1098.89
319,227,214,3,
320,154,111,1,1858.55
321,170,169,3,257.48
322,371,294,0,417.56
323,120,39,1,1161.98
324,397,46,4,719.32
325,557,9999,5,928.61
326,734,238,5,620.91
327,436,119,2,1182.3
328,188,16,4,352.43
329,604,101,3,1133.41
330,823,188,1,1187.74
331,498,196,2,1259.9
332,709,36,5,1260.63
333,872,9999,3,1447.28
334,255,243,5,157.58
335,448,33,1,1305.0
336,943,223,3,428.16
337,231,49,3,941.0
338,392,45,1,618.21
339,644,54,3,1228.75
340,62,254,3,549.97
341,812,208,1,329.21
342,196,96,5,1411.43
343,251,54,3,759.81
344,709,256,1,179.89
345,123,178,2,7.39
346,695,24,4,1205.33
347,615,62,5,1593.31
348,369,136,4,1562.63
349,546,286,3,1660.14
350,101,69,5,1461.11
351,893,81,3,1470.16
352,370,223,5,147.87
353,272,66,2,727.44
354,855,238,4,1767.85
355,216,10,2,699.25
356,684,7,4,922.51
357,705,82,4,662.41
358,798,60,4,924.31
359,778,90,3,1758.71
360,438,161,1,279.25
361,562,82,0,1228.99
362,842,265,3,1123.92
363,879,151,3,1526.01
364,105,291,4,1649.94
365,992,193,1,1410.65
366,463,289,1,93.89
367,331,77,2,826.43
368,729,70,2,1857.7
369,696,45,4,634.09
370,607,177,3,1641.52
371,289,127,4,246.32
372,918,211,5,1071.02
373,22,91,4,1937.02
374,868,9999,1,491.48
375,993,104,0,340.05
376,620,263,2,1120.14
377,513,233,4,147.32
378,630,216,1,1894.92
379,185,208,1,5.54
380,283,225,2,73.87
381,277,292,0,1823.58
382,448,167,4,1466.0
383,833,147,1,1400.59
384,882,195,3,926.09
385,736,252,4,641.4
386,682,9999,5,995.57
387,827,112,5,1843.09
388,518,286,1,399.82
389,915,231,3,1674.85
390,653,250,1,483.42
391,667,274,2,1479.54
392,699,198,5,1971.2
393,561,271,3,162.47
394,44,214,1,61.73
395,4,57,1,1090.72
396,47,255,5,1566.54
397,252,3,2,932.94
398,721,149,3,1230.1
399,247,88,3,184.98
400,933,265,1,321.51
401,511,147,3,778.32
402,41,126,3,1189.47
403,580,226,5,613.65
404,740,213,3,1181.74
405,653,259,0,827.25
406,514,141,1,1337.99
407,134,81,3,1552.25
408,502,1,3,1107.45
409,379,49,4,970.8
410,938,218,1,468.94
411,43,52,2,1554.48
412,465,151,4,648.25
413,399,41,4,1576.09
414,614,79,1,127.55
415,674,179,3,16.91
416,894,140,5,1146.83
417,982,7,5,1936.01
418,700,96,5,234.93
419,398,89,1,1052.61
420,172,91,1,1889.34
421,444,248,0,1733.47
422,704,208,5,1266.05
423,196,170,1,162.68
424,353,296,0,300.92
425,338,255,4,280.37
426,63,199,1,1726.97
427,554,186,5,993.5
428,948,86,5,504.04
429,795,249,4,1460.52
430,561,220,2,1272.19
431,563,77,2,1700.23
432,379,72,5,1824.23
433,59,201,2,1925.08
434,232,228,1,959.95
435,496,264,2,1230.02
436,466,149,1,406.82
437,898,108,3,1724.3
438,585,207,2,813.9
439,889,78,5,1501.51
440,503,217,3,365.82
441,503,266,1,570.49
442,411,6,1,110.33
443,812,215,2,1834.56
444,827,134,5,1546.83
445,270,69,4,
446,180,15,1,702.51
447,635,7,4,680.7
448,837,250,1,1167.46
449,571,178,2,1437.45
450,2,291,5,882.38
451,837,56,1,1382.62
452,406,282,4,1726.84
453,699,279,5,56.53
454,23,38,2,1273.78
455,887,181,4,1790.84
456,195,251,0,1389.03
457,939,9999,5,1168.26
458,753,4,4,1575.41
459,444,40,3,1688.75
460,880,107,2,1936.44
461,511,284,4,1755.35
462,488,121,2,709.92
463,297,195,2,662.61
464,421,118,2,1055.32
465,143,49,2,210.24
466,217,88,3,810.28
467,548,87,3,1392.05
468,888,192,1,978.38
469,131,111,4,195.18
470,727,286,2,966.43
471,842,73,2,732.12
472,677,76,3,1271.99
473,711,86,4,678.73
474,111,275,4,903.9
475,284,52,5,1269.12
476,463,185,4,1868.42
477,591,97,2,26.93
478,474,75,1,
479,820,134,3,1224.29
480,142,22,4,785.42
481,550,188,5,1960.34
482,914,49,4,222.57
483,653,61,1,1634.81
484,654,91,1,885.9
485,379,193,5,1493.85
486,42,82,5,991.82
487,220,31,2,1573.99
488,860,78,1,
489,193,129,3,589.74
490,785,89,2,198.48
491,13,299,4,1831.38
492,712,38,3,1476.56
493,406,147,2,455.51
494,968,98,3,6.05
495,824,81,1,1042.35
496,288,214,5,1036.04
497,956,138,-1,1043.46
498,159,147,4,716.7
499,519,153,4,713.16
500,790,111,1,848.05
501,931,286,1,139.36
502,658,89,5,1847.83
503,354,72,2,1711.03
504,248,119,4,245.47
505,106,236,3,162.44
506,647,93,2,1930.04
507,930,291,4,11.97
508,281,173,2,374.28
509,580,99,3,96.85
510,872,259,5,970.52
511,872,9999,1,1087.43
512,617,82,1,636.25
513,843,61,1,1477.91
514,674,169,2,1404.91
515,112,48,5,1838.65
516,229,83,4,1675.34
517,909,36,0,162.6
518,120,77,2,170.09
519,470,34,1,1785.08
520,877,106,1,385.03
521,895,254,4,280.12
522,329,227,2,457.18
523,906,14,1,1194.8
524,478,253,2,1642.4
525,952,45,1,382.55
526,551,56,4,1206.66
527,587,295,1,1388.45
528,55,177,4,1608.85
529,314,262,2,1637.07
530,440,74,5,440.25
531,929,138,3,1994.05
532,256,77,5,74.1
533,647,288,3,1549.8
534,902,174,-1,1382.07
535,365,9,-1,781.05
536,412,206,1,
537,989,289,4,1557.22
538,982,202,1,
539,244,160,0,566.21
540,406,104,1,1035.51
541,404,231,3,1001.4
542,456,198,2,824.73
543,688,298,5,707.19
544,855,176,5,270.34
545,754,218,1,1806.02
546,154,180,2,1935.82
547,353,16,4,753.56
548,575,136,4,1685.36
549,165,110,2,401.38
550,896,26,3,1768.39
551,83,33,4,452.86
552,340,177,2,1791.2
553,299,261,2,1339.46
554,184,43,4,1430.84
555,185,43,3,354.16
556,782,177,3,1797.44
557,340,228,2,1189.2
558,230,188,4,247.35
559,118,217,5,652.7
560,550,158,1,1449.9
561,458,186,4,657.42
562,586,196,3,1287.43
563,983,272,4,15.29
564,966,73,3,722.53
565,423,109,3,669.02
566,341,27,2,439.91
567,783,32,2,1142.69
568,909,151,4,640.15
569,693,238,4,1618.24
570,162,185,1,1338.01
571,563,67,4,899.26
572,852,132,4,1991.75
573,592,139,2,1938.94
574,161,103,3,1056.84
575,543,167,1,1544.06
576,221,131,5,921.39
577,314,47,5,1478.58
578,751,128,1,108.27
579,935,208,4,1605.21
580,420,175,3,117.9
581,209,107,5,562.93
582,18,258,5,411.67
583,545,32,3,762.91
584,231,99,1,1989.08
585,835,46,5,979.56
586,812,186,5,584.58
587,833,178,5,1792.1
588,976,42,1,1351.52
589,804,133,4,1021.03
590,126,300,5,598.82
591,906,221,2,175.71
592,843,9999,4,133.18
593,19,182,5,1856.17
594,448,81,2,1180.79
595,671,300,3,471.24
596,381,236,1,999.81
597,345,22,5,1342.82
598,636,218,3,475.52
599,602,162,1,1526.74
600,981,104,2,952.74
601,357,22,1,106.15
602,984,102,3,1123.99
603,491,153,1,1893.58
604,418,94,3,782.89
605,672,251,1,848.83
606,977,10,5,477.03
607,812,211,3,988.88
608,718,266,4,1947.96
609,72,279,5,52.41
610,745,266,1,288.41
611,111,254,3,
612,960,262,2,163.79
613,170,120,2,
614,549,244,5,495.95
615,401,76,2,1750.32
616,522,171,5,687.29
617,682,155,4,611.08
618,13,6,3,
619,322,299,5,343.13
620,938,30,3,165.36
621,154,21,2,246.89
622,769,157,4,1871.33
623,44,136,4,999.01
624,397,74,2,753.45
625,434,50,3,1205.71
626,331,295,3,1738.31
627,246,155,5,1080.01
628,537,12,4,30.14
629,476,56,5,412.29
630,980,88,0,418.92
631,222,59,2,305.6
632,490,6,5,1439.85
633,373,127,1,1578.2
634,163,49,4,511.13
635,62,138,2,1372.72
636,499,40,1,
637,782,154,4,1974.29
638,834,82,1,1160.05
639,816,182,0,1234.2
640,273,189,2,1326.07
641,229,39,2,1396.73
642,404,278,2,823.84
643,298,291,1,687.11
644,731,63,2,333.3
645,464,155,5,1204.34
646,810,9999,2,651.11
647,811,32,4,
648,196,109,2,114.55
649,65,23,5,1954.73
650,180,4,0,420.14
651,167,206,4,1244.12
652,342,9999,0,1905.37
653,158,248,4,
654,863,213,0,1764.15
655,132,237,4,1912.07
656,353,132,3,319.66
657,536,270,2,1934.93
658,722,255,3,1643.09
659,572,203,3,859.44
660,391,186,1,
661,469,77,3,783.05
662,929,111,3,686.42
663,675,270,-1,875.17
664,589,19,3,682.43
665,108,52,2,1427.22
666,342,152,4,1397.87
667,435,66,-1,774.97
668,662,142,2,1933.08
669,174,288,0,1826.94
670,168,291,1,1861.25
671,48,273,0,1208.14
672,495,74,1,345.01
673,250,30,2,1997.19
674,690,104,4,368.56
675,462,136,4,999.14
676,648,78,4,266.01
677,42,6,2,96.63
678,511,174,3,1086.43
679,607,104,4,257.61
680,852,133,2,330.34
681,109,3,5,1800.52
682,516,124,1,139.93
683,494,24,5,435.4
684,170,3,4,711.47
685,570,229,3,1176.19
686,955,9999,4,286.13
687,232,81,5,1790.75
688,545,10,2,452.97
689,288,181,2,699.14
690,423,260,3,188.21
691,100,219,2,1703.77
692,894,132,1,1187.96
693,793,52,1,1235.6
694,914,188,2,269.18
695,369,81,4,
696,208,207,2,105.66
697,768,72,4,1716.55
698,764,179,3,452.16
699,15,100,1,305.21
700,742,298,5,1107.14
701,793,238,1,748.58
702,677,267,1,487.58
703,154,272,1,76.24
704,405,58,5,1287.55
705,518,238,3,173.84
706,990,85,2,883.89
707,840,75,5,435.59
708,47,110,2,1149.9
709,102,102,3,781.16
710,367,106,2,496.02
711,222,152,4,1221.97
712,276,49,4,1139.71
713,393,53,4,1426.07
714,765,9999,1,181.28
715,33,265,3,1107.8
716,931,117,1,208.49
717,310,82,5,1593.05
718,498,23,3,863.27
719,272,115,3,718.24
720,571,163,1,87.56
721,813,145,5,1083.26
722,498,123,2,667.36
723,74,86,5,1778.72
724,445,63,4,1702.53
725,918,100,5,1486.43
726,716,245,5,70.31
727,442,282,1,1157.99
728,922,64,4,1162.35
729,729,145,5,1366.68
730,789,128,2,1860.27
731,853,77,1,1056.6
732,96,84,1,885.77
733,730,283,4,930.04
734,175,258,0,1987.11
735,990,201,2,1276.06
736,566,165,4,941.23
737,870,62,4,458.57
738,633,292,3,40.1
739,749,135,1,97.18
740,579,9999,3,603.55
741,927,268,1,1880.02
742,593,276,5,1246.04
743,325,178,3,616.55
744,762,155,5,855.24
745,124,44,5,1075.03
746,932,131,3,467.08
747,204,134,0,63.51
748,597,155,1,1656.35
749,782,150,5,876.35
750,245,199,1,709.39
751,576,31,4,1097.71
752,259,282,5,693.65
753,883,55,1,388.03
754,580,117,2,1877.86
755,44,129,3,1780.45
756,835,14,5,1046.49
757,75,264,3,184.54
758,414,3,5,1182.87
759,485,215,3,
760,726,125,3,718.52
761,592,289,5,1962.93
762,276,229,4,1877.95
763,214,231,5,1004.83
764,76,177,4,145.31
765,654,204,3,929.55
766,963,259,5,831.45
767,378,49,4,1201.02
768,835,92,1,843.94
769,989,190,3,478.35
770,972,140,4,1263.37
771,288,159,4,959.81
772,233,300,5,382.98
773,77,283,3,1081.42
774,378,98,4,1255.85
775,256,115,3,1486.42
776,750,257,1,792.79
777,204,280,1,1956.98
778,579,31,5,1873.37
779,103,130,5,1256.54
780,531,122,0,801.05
781,954,180,0,510.29
782,961,238,2,975.55
783,652,61,4,1923.43
784,535,183,2,471.17
785,626,38,4,1601.52
786,779,190,2,805.51
787,399,289,2,1551.79
788,911,54,4,1756.26
789,729,6,5,568.93
790,791,26,2,1209.83
791,301,273,3,184.99
792,651,22,1,949.94
793,490,124,0,1782.39
794,778,71,2,1829.59
795,390,189,4,545.37
796,760,27,4,681.25
797,806,295,1,1905.51
798,442,137,4,1532.2
799,391,87,4,353.99
800,219,19,3,1208.4
801,607,247,1,521.89
802,631,192,5,282.1
803,270,257,1,1188.58
804,659,136,3,599.03
805,704,102,4,789.82
806,356,82,1,1869.82
807,647,191,2,1752.09
808,764,42,4,1959.81
809,793,212,3,1058.93
810,484,238,1,963.85
811,172,116,5,410.44
812,899,264,1,1260.3
813,908,283,2,727.87
814,694,85,0,1140.25
815,247,186,5,1487.07
816,975,70,0,662.34
817,862,6,5,
818,261,269,3,
819,577,236,1,913.39
820,896,168,0,1152.13
821,273,210,3,1310.29
822,774,278,2,1757.11
823,465,172,1,1852.09
824,979,207,5,62.04
825,219,165,2,1107.43
826,55,18,2,118.22
827,640,17,3,1747.79
828,582,268,4,1639.66
829,96,291,4,500.61
830,235,122,2,601.05
831,214,237,2,414.32
832,228,205,5,1468.82
833,294,12,5,1207.78
834,569,54,3,781.54
835,866,9999,5,1875.3
836,622,140,5,1346.41
837,554,214,3,317.28
838,275,213,2,1997.51
839,579,144,1,299.62
840,301,205,5,1103.35
841,53,96,1,1314.51
842,610,43,3,29.29
843,127,3,4,1958.31
844,255,217,1,683.97
845,524,34,3,1762.47
846,512,139,4,359.82
847,751,114,1,61.93
848,64,6,4,81.41
849,249,74,1,1034.66
850,860,188,2,1833.43
851,734,1,3,406.43
852,190,85,5,240.71
853,883,178,5,1932.45
854,358,185,5,40.74
855,998,34,5,303.83
856,526,253,0,
857,271,83,4,
858,163,266,3,104.83
859,891,79,5,492.85
860,622,85,5,1302.14
861,106,199,4,1882.91
862,494,174,3,
863,649,260,1,1870.94
864,576,248,5,1656.12
865,470,54,3,1252.95
866,609,23,2,92.61
867,820,193,5,493.23
868,905,273,4,918.1
869,573,56,2,257.33
870,585,9,5,991.87
871,702,139,2,471.1
872,125,57,3,477.18
873,782,296,4,1278.98
874,483,153,2,1409.84
875,53,58,5,1565.07
876,576,96,2,609.32
877,359,293,5,938.46
878,223,292,2,1846.35
879,650,226,3,1008.28
880,780,232,1,67.05
881,895,294,2,1357.48
882,423,129,3,980.26
883,893,286,5,1259.0
884,299,183,0,648.12
885,920,145,2,50.42
886,987,278,2,1688.84
887,527,175,3,782.49
888,300,221,4,950.89
889,471,114,2,1385.67
890,476,248,3,1586.25
891,462,170,1,363.42
892,306,58,3,1014.54
893,150,131,5,470.91
894,501,129,5,
895,21,255,-1,337.63
896,428,300,4,696.71
897,385,180,2,262.96
898,792,96,5,1545.4
899,387,192,5,1082.3
900,696,142,2,
901,645,11,3,320.25
902,727,88,1,724.02
903,113,9999,5,1448.01
904,856,234,1,1711.81
905,916,216,5,211.77
906,46,79,1,1693.36
907,26,168,4,1147.59
908,41,111,5,1739.1
909,133,218,2,1575.68
910,691,265,1,1502.02
911,98,205,4,5.31
912,290,269,1,
913,865,116,1,1832.49
914,241,107,2,1342.58
915,998,51,1,1759.96
916,855,129,2,165.43
917,218,15,4,997.82
918,951,187,5,1883.42
919,280,154,2,139.66
920,677,235,1,388.04
921,765,258,4,791.28
922,181,120,1,621.55
923,530,91,4,1458.27
924,61,18,0,319.19
925,508,156,0,1919.09
926,752,223,2,1530.58
927,443,114,4,1732.72
928,721,71,1,253.79
929,533,47,5,685.0
930,393,42,2,1437.38
931,864,14,1,345.15
932,202,250,2,130.05
933,135,129,5,967.45
934,259,30,2,1910.58
935,745,196,1,438.21
936,315,137,5,11.34
937,858,91,5,1594.12
938,604,112,4,945.8
939,330,228,4,273.23
940,542,16,1,
941,180,220,5,38.35
942,540,177,5,893.86
943,564,212,4,1523.59
944,379,98,5,64.08
945,292,71,2,637.72
946,22,177,-1,9.74
947,694,205,1,465.99
948,561,171,4,1385.82
949,97,145,1,668.89
950,955,199,3,1658.05
951,436,199,3,1968.48
952,189,262,2,416.37
953,220,257,2,1587.14
954,146,72,3,470.79
955,948,155,1,687.01
956,633,228,4,1220.56
957,107,55,1,1134.52
958,434,166,5,894.65
959,384,9999,0,635.63
960,882,68,1,1427.49
961,556,148,1,309.66
962,195,107,2,1175.28
963,880,38,4,1626.0
964,321,244,5,1549.15
965,284,156,1,1993.89
966,922,299,5,232.94
967,398,9999,5,1938.55
968,416,273,3,377.13
969,208,220,1,826.6
970,757,294,0,405.31
971,586,285,4,1816.11
972,936,114,1,859.1
973,129,119,3,1334.63
974,360,2,1,774.75
975,888,300,2,1358.19
976,825,210,1,97.06
977,661,275,0,956.17
978,89,98,3,1925.27
979,246,51,5,1461.08
980,254,3,4,1732.71
981,645,15,5,1864.76
982,655,19,3,1782.34
983,374,19,1,1316.86
984,929,55,5,205.44
985,994,102,3,1273.11
986,48,296,1,1923.75
987,73,88,3,1319.73
988,274,115,3,806.87
989,742,62,4,
990,70,12,3,1203.41
991,875,30,2,287.12
992,929,85,1,1750.39
993,856,64,5,637.73
994,861,152,2,740.02
995,49,299,5,1916.45
996,240,9999,4,1068.27
997,631,80,5,203.19
998,472,71,3,818.59
999,203,30,2,1140.03
1000,356,14,-1,1271.75
1001,784,198,5,1793.74
1002,890,126,3,1393.14
1003,242,118,5,1384.26
1004,202,9999,4,
1005,478,273,0,635.01
1006,107,102,4,791.52
1007,758,2,0,585.55
1008,364,228,1,164.14
1009,144,208,2,1655.39
1010,87,201,1,940.58
1011,47,209,5,96.85
1012,627,281,3,861.71
1013,836,139,4,786.34
1014,505,243,1,915.33
1015,678,167,4,605.14
1016,494,253,3,297.52
1017,80,91,5,1100.87
1018,743,32,4,1336.55
1019,881,189,4,1065.73
1020,158,200,2,1044.28
1021,27,23,5,476.97
1022,1,177,2,358.53
1023,663,190,5,1798.33
1024,337,45,2,597.19
1025,333,26,1,1234.65
1026,968,189,2,517.1
1027,673,215,3,813.45
1028,899,232,2,586.32
1029,831,100,2,1449.34
1030,907,200,3,397.14
1031,995,36,1,1149.73
1032,763,11,5,1339.69
1033,993,54,3,949.74
1034,754,195,5,960.26
1035,124,281,2,435.46
1036,522,40,0,1779.62
1037,115,116,5,1587.43
1038,278,37,3,1701.65
1039,37,208,3,1607.55
1040,991,63,1,1961.41
1041,572,216,3,1036.9
1042,239,167,5,862.15
1043,192,132,1,1587.2
1044,888,299,1,1705.86
1045,495,270,3,393.32
1046,793,204,5,1686.92
1047,813,259,5,769.67
1048,411,131,3,833.12
1049,11,188,2,
1050,633,249,4,306.66
1051,289,242,0,293.12
1052,853,42,4,1903.0
1053,440,54,4,727.27
1054,335,196,1,1127.82
1055,438,122,1,1417.87
1056,774,191,4,1426.82
1057,46,119,1,1672.24
1058,31,254,1,1367.56
1059,750,210,3,618.85
1060,811,223,4,1739.18
1061,730,62,2,1851.06
1062,834,296,2,157.57
1063,772,86,2,126.17
1064,476,189,3,194.86
1065,960,239,2,1987.36
1066,526,92,5,152.69
1067,811,268,2,1915.43
1068,460,174,5,1554.35
1069,168,142,0,1393.54
1070,418,285,3,1498.37
1071,811,144,5,1063.62
1072,279,219,-1,1131.42
1073,576,146,2,1764.0
1074,700,160,4,720.33
1075,367,256,5,62.36
1076,575,182,2,1811.4
1077,895,208,2,1738.6
1078,528,53,2,1214.35
1079,314,146,1,153.71
1080,519,78,4,264.16
1081,453,28,3,113.46
1082,914,179,5,119.56
1083,293,265,4,1268.31
1084,31,207,0,622.37
1085,8,9999,2,1706.34
1086,237,140,4,1794.14
1087,925,149,1,970.81
1088,516,44,5,1344.73
1089,169,16,1,1774.36
1090,286,26,2,1942.52
1091,724,218,4,1804.34
1092,133,226,5,505.27
1093,861,98,4,550.99
1094,299,243,4,1842.97
1095,849,93,5,356.41
1096,268,207,4,712.82
1097,806,115,0,763.86
1098,918,188,1,1858.98
1099,293,36,4,321.81
1100,411,37,1,1595.54
1101,921,32,3,776.51
1102,927,47,5,1539.67
1103,192,16,4,84.23
1104,693,191,5,
1105,101,147,5,638.77
1106,315,3,4,1175.87
1107,665,273,2,725.78
1108,148,276,1,579.61
1109,108,165,5,722.58
1110,741,203,4,107.13
1111,886,124,3,817.32
1112,91,53,2,117.49
1113,379,86,4,1712.61
1114,37,10,5,1973.8
1115,81,94,4,1491.62
1116,876,267,2,647.54
1117,924,251,5,
1118,596,10,5,623.26
1119,523,24,2,1322.13
1120,974,261,3,675.71
1121,409,9999,3,829.88
1122,687,21,5,1122.4
1123,693,279,2,524.16
1124,104,164,4,650.19
1125,120,209,1,1184.79
1126,318,9999,1,318.11
1127,405,230,4,732.44
1128,497,249,5,544.86
1129,994,55,3,1302.81
1130,118,270,4,472.61
1131,495,11,5,1734.17
1132,402,89,3,477.65
1133,516,283,5,390.44
1134,774,87,3,1734.43
1135,179,61,3,1304.43
1136,903,196,3,1736.99
1137,350,161,4,724.11
1138,818,206,1,1212.35
1139,888,18,4,812.03
1140,941,190,4,1265.37
1141,341,136,4,1532.82
1142,37,176,1,1919.09
1143,564,263,3,1497.54
1144,182,125,2,576.92
1145,173,127,5,753.72
1146,897,15,4,1761.81
1147,620,112,5,671.68
1148,873,280,4,427.1
1149,111,29,4,1810.95
1150,419,161,1,982.47
1151,113,208,5,1458.98
1152,493,175,2,1642.1
1153,153,126,0,1585.96
1154,316,190,5,1572.57
1155,878,92,1,812.6
1156,11,213,5,1754.82
1157,824,81,2,456.61
1158,923,135,3,903.11
1159,739,82,5,1098.92
1160,316,261,1,1993.21
1161,259,99,5,201.86
1162,33,98,4,1763.33
1163,977,164,4,238.8
1164,975,284,3,1124.65
1165,714,251,1,5.53
1166,337,278,3,878.07
1167,156,265,4,1076.6
1168,433,101,2,1970.1
1169,359,93,4,193.02
1170,419,131,5,1974.71
1171,611,237,3,634.36
1172,221,295,1,1432.7
1173,337,118,2,1131.66
1174,175,244,1,302.5
1175,830,257,4,1435.48
1176,881,260,3,1383.8
1177,519,23,1,512.43
1178,235,267,0,1302.29
1179,259,132,1,457.96
1180,170,48,0,1214.48
1181,40,284,2,482.54
1182,879,101,5,798.44
1183,590,101,1,1273.05
1184,212,194,5,1161.58
1185,364,173,4,1901.11
1186,858,288,2,899.83
1187,510,197,5,289.0
1188,356,30,1,497.87
1189,17,196,4,363.3
1190,78,102,3,1864.0
1191,631,206,3,1322.09
1192,46,1,3,720.16
1193,451,115,2,1323.49
1194,894,81,0,719.75
1195,215,57,1,980.83
1196,180,104,1,575.5
1197,690,237,4,1180.23
1198,99,294,5,
1199,906,234,2,1506.28
1200,718,50,2,648.76
1201,214,267,4,1735.92
1202,55,144,2,1920.37
1203,360,250,1,1057.37
1204,613,125,2,1002.72
1205,599,172,4,1980.53
1206,381,245,3,1638.86
1207,173,207,4,1475.55
1208,362,107,4,164.33
1209,735,244,2,1737.11
1210,50,233,1,899.29
1211,633,295,1,18.68
1212,970,50,4,1903.01
1213,636,291,4,718.75
1214,664,255,4,1299.04
1215,661,18,4,858.07
1216,888,265,3,1209.14
1217,287,245,1,1873.52
1218,804,157,1,1880.67
1219,310,37,3,1788.21
1220,24,171,4,204.98
1221,621,258,3,329.73
1222,108,271,2,518.21
1223,643,279,4,706.62
1224,39,84,2,636.04
1225,411,284,2,375.84
1226,873,81,1,937.9
1227,325,9999,3,609.29
1228,502,226,3,1381.29
1229,601,118,1,286.1
1230,208,157,5,1742.62
1231,727,298,3,123.05
1232,394,176,1,520.87
1233,982,9999,5,1120.63
1234,648,131,1,1611.21
1235,758,9999,1,1495.1
1236,139,130,3,215.93
1237,847,284,4,470.33
1238,140,204,4,1137.51
1239,963,218,3,951.74
1240,632,115,3,713.64
1241,324,111,2,690.72
1242,238,268,3,973.96
1243,558,283,3,436.18
1244,393,34,1,993.91
1245,394,202,3,596.23
1246,712,123,4,735.82
1247,50,146,2,1760.54
1248,465,175,4,1565.48
1249,805,257,4,541.15
1250,112,197,4,954.91
1251,282,150,4,1335.31
1252,636,219,4,296.85
1253,641,87,0,833.08
1254,716,290,1,1750.33
1255,124,162,4,92.61
1256,568,287,1,558.31
1257,865,112,1,232.06
1258,973,111,5,929.77
1259,676,112,5,260.14
1260,809,97,5,1856.62
1261,764,274,0,1185.17
1262,91,130,3,239.64
1263,713,126,5,1989.55
1264,119,5,5,859.21
1265,611,62,4,1011.04
1266,258,93,3,1165.93
1267,851,64,4,1831.47
1268,837,20,1,129.03
1269,628,12,5,1996.14
1270,873,154,0,463.12
1271,136,50,5,
1272,773,215,1,813.02
1273,772,190,5,1343.02
1274,893,74,4,1533.18
1275,537,248,0,1364.97
1276,575,197,0,1406.83
1277,27,238,5,
1278,601,49,5,1628.59
1279,98,260,4,979.81
1280,53,239,5,1632.29
1281,833,27,2,917.73
1282,526,179,2,917.29
1283,781,88,5,286.86
1284,759,10,4,1070.37
1285,781,149,1,787.2
1286,225,228,1,1247.99
1287,843,69,2,823.19
1288,870,142,2,910.52
1289,120,160,2,1963.27
1290,550,291,2,1346.81
1291,635,73,4,
1292,648,300,3,156.44
1293,723,256,1,1628.55
1294,154,101,1,765.16
1295,351,39,1,564.36
1296,474,36,3,334.74
1297,392,299,5,398.42
1298,687,186,2,1706.55
1299,355,1,1,488.53
1300,339,44,4,972.18
1301,697,73,0,1981.54
1302,850,102,2,78.12
1303,876,242,5,399.63
1304,469,51,1,1522.61
1305,61,269,3,196.89
1306,402,67,5,1093.8
1307,221,221,5,1352.7
1308,115,128,5,382.62
1309,521,116,1,785.59
1310,959,178,2,1991.95
1311,523,252,1,
1312,43,7,5,1059.77
1313,737,55,5,1822.9
1314,84,88,4,553.96
1315,511,90,5,876.47
1316,569,115,4,1622.82
1317,317,184,5,1460.08
1318,686,42,1,1690.43
1319,63,213,0,1621.85
1320,306,256,5,1546.11
1321,1000,228,1,160.36
1322,564,147,3,466.57
1323,372,203,1,185.27
1324,852,56,2,1667.5
1325,272,96,3,753.77
1326,849,100,4,90.57
1327,134,270,1,1020.06
1328,210,11,5,222.25
1329,312,66,2,79.07
1330,24,9,3,682.01
1331,305,78,3,401.42
1332,385,31,5,95.32
1333,602,190,5,255.65
1334,850,139,4,902.49
1335,835,280,5,1447.3
1336,762,89,5,68.19
1337,41,163,3,312.14
1338,945,74,3,259.65
1339,384,297,2,966.94
1340,93,176,5,720.58
1341,246,287,4,413.13
1342,465,161,1,774.87
1343,933,95,4,1823.84
1344,187,171,4,217.53
1345,152,91,1,1291.99
1346,50,70,4,962.43
1347,449,145,1,141.72
1348,397,209,2,1327.48
1349,81,39,2,1493.24
1350,197,16,1,1119.58
1351,691,265,3,1078.16
1352,795,195,5,22.87
1353,789,268,5,12.27
1354,728,225,3,1526.4
1355,104,114,1,1488.89
1356,557,205,5,29.13
1357,395,112,4,70.78
1358,118,162,5,1811.31
1359,225,198,1,963.08
1360,671,218,5,650.07
1361,310,112,5,343.37
1362,139,218,4,633.75
1363,383,130,2,1642.81
1364,979,9999,3,1068.34
1365,507,37,5,1597.49
1366,232,139,1,1387.2
1367,707,160,3,1677.96
1368,472,171,1,331.95
1369,866,215,2,1691.47
1370,73,63,2,1461.64
1371,827,50,3,
1372,40,130,1,858.19
1373,4,246,5,870.18
1374,880,102,1,116.88
1375,61,73,3,584.79
1376,241,68,1,1860.36
1377,472,260,3,1993.68
1378,531,31,5,1406.95
1379,365,246,1,166.67
1380,18,6,-1,181.77
1381,721,172,2,1720.66
1382,114,250,2,49.21
1383,16,68,1,1307.47
1384,433,79,5,1075.87
1385,500,251,4,
1386,189,111,3,203.53
1387,683,161,3,818.24
1388,617,33,3,1225.26
1389,877,140,5,457.62
1390,534,99,3,1949.76
1391,193,167,5,153.01
1392,140,150,4,703.58
1393,861,222,4,653.04
1394,538,13,4,1523.66
1395,910,71,1,110.68
1396,136,44,1,585.0
1397,553,300,4,443.9
1398,852,137,4,1408.81
1399,287,155,1,755.29
1400,712,169,3,510.71
1401,406,265,4,1110.25
1402,97,105,1,465.69
1403,603,74,5,1226.7
1404,751,253,5,859.57
1405,547,201,2,751.48
1406,485,180,1,535.58
1407,868,27,4,1221.89
1408,487,17,1,12.61
1409,558,84,1,1950.82
1410,219,39,3,1896.58
1411,529,10,1,1785.56
1412,735,298,1,1207.6
1413,883,34,3,1080.49
1414,137,112,4,713.57
1415,487,8,4,1424.16
1416,486,210,2,634.97
1417,546,211,2,415.97
1418,233,145,0,1647.56
1419,469,8,0,629.47
1420,258,58,3,1654.88
1421,398,260,4,1226.05
1422,518,168,1,1765.91
1423,4,199,5,59.0
1424,463,102,4,1102.84
1425,799,193,4,768.68
1426,325,52,1,602.61
1427,71,270,1,1705.68
1428,809,236,4,777.7
1429,403,292,2,336.79
1430,865,144,2,1270.94
1431,334,223,2,1247.38
1432,717,132,1,1420.44
1433,835,175,2,183.83
1434,305,125,2,624.09
1435,452,69,1,
1436,347,25,1,678.73
1437,68,26,2,59.16
1438,627,97,1,220.47
1439,722,171,3,103.28
1440,620,11,3,457.84
1441,988,160,1,1147.51
1442,905,104,3,1102.97
1443,825,118,2,
1444,620,13,5,1522.34
1445,253,278,2,158.9
1446,971,245,1,797.74
1447,165,125,2,1267.55
1448,772,62,3,1750.65
1449,359,36,1,707.61
1450,568,46,0,1137.24
1451,996,289,0,1830.06
1452,946,133,4,1608.85
1453,408,130,1,1861.15
1454,906,16,1,923.03
1455,89,107,2,368.17
1456,236,239,5,142.84
1457,561,67,1,1674.37
1458,585,156,2,828.37
1459,186,185,5,922.44
1460,933,103,1,1845.4
1461,305,166,5,321.9
1462,328,129,5,949.24
1463,921,59,1,1169.9
1464,479,200,4,524.5
1465,800,33,2,525.47
1466,565,258,5,1967.93
1467,660,204,1,1357.58
1468,100,244,2,1790.89
1469,652,235,1,853.35
1470,823,186,0,678.5
1471,422,259,3,1021.83
1472,895,260,5,668.22
1473,106,281,1,71.61
1474,309,145,5,1347.33
1475,415,89,5,1771.87
1476,896,13,2,324.71
1477,984,231,2,744.09
1478,118,161,2,203.11
1479,213,116,4,1686.09
1480,154,170,1,1815.82
1481,384,181,5,1230.14
1482,439,60,1,1877.97
1483,211,277,3,1020.51
1484,763,160,5,1758.81
1485,22,193,2,372.26
1486,275,250,1,176.31
1487,303,276,2,1447.28
1488,54,70,3,1267.37
1489,228,108,0,1671.32
1490,537,106,2,1055.35
1491,364,171,5,1388.22
1492,43,286,1,1392.31
1493,9,170,2,762.07
1494,74,224,1,1938.04
1495,131,115,5,1519.77
1496,949,285,5,165.31
1497,354,78,1,330.28
1498,767,4,1,576.03
1499,741,46,5,245.71
1500,274,252,3,826.98
1501,471,140,3,964.89
1502,135,6,5,127.2
1503,768,4,5,228.98
1504,347,263,2,1530.98
1505,32,217,4,1492.09
1506,62,175,2,1907.69
1507,286,241,3,913.37
1508,687,282,5,189.25
1509,220,111,5,1790.44
1510,25,223,5,
1511,268,108,2,63.45
1512,780,77,1,1493.93
1513,804,207,4,1877.43
1514,982,168,5,1052.71
1515,649,184,2,191.03
1516,395,38,4,1529.25
1517,91,77,2,1860.86
1518,654,139,3,1552.93
1519,395,251,5,1656.79
1520,288,113,1,430.08
1521,625,20,2,941.8
1522,246,245,1,801.4
1523,958,71,3,1273.76
1524,77,272,5,1889.56
1525,783,243,3,1687.13
1526,553,56,1,1834.4
1527,921,73,1,1224.51
1528,46,45,5,310.68
1529,586,171,5,1464.28
1530,838,9999,2,1533.08
1531,762,94,3,777.62
1532,179,161,3,1476.02
1533,912,112,1,660.35
1534,308,225,5,1784.41
1535,331,114,3,1028.5
1536,402,230,2,87.17
1537,132,76,1,1136.9
1538,82,38,5,1923.19
1539,351,32,1,803.28
1540,693,72,1,543.14
1541,798,169,2,495.05
1542,772,144,5,518.43
1543,496,271,5,1980.18
1544,611,114,2,1653.57
1545,978,89,4,66.35
1546,777,176,2,1610.49
1547,225,296,2,763.9
1548,660,291,1,1350.62
1549,675,166,5,1235.8
1550,541,53,3,1309.71
1551,845,59,4,635.43
1552,612,131,3,1996.38
1553,337,284,1,1124.07
1554,894,7,2,355.68
1555,411,150,1,602.26
1556,402,3,2,545.78
1557,488,254,0,167.16
1558,382,142,1,1457.42
1559,9,155,1,227.64
1560,671,175,2,165.44
1561,817,189,1,1200.09
1562,84,110,3,1978.42
1563,614,85,2,24.77
1564,8,72,5,238.93
1565,259,193,0,1923.09
1566,731,267,0,1181.58
1567,692,87,0,1001.19
1568,541,178,2,1359.48
1569,278,71,2,1174.14
1570,126,263,1,52.45
1571,604,9999,1,1877.07
1572,344,145,3,1512.8
1573,295,159,5,1277.5
1574,496,209,5,359.28
1575,449,32,5,1781.98
1576,18,25,3,503.79
1577,878,109,1,1915.19
1578,146,184,4,1879.44
1579,919,160,1,1105.45
1580,207,218,3,1617.58
1581,430,9999,5,607.52
1582,691,205,5,1808.82
1583,264,96,3,1763.55
1584,478,144,1,752.65
1585,129,95,1,451.25
1586,214,72,2,1732.04
1587,115,257,2,754.95
1588,144,182,1,294.7
1589,472,228,4,865.49
1590,801,232,3,631.86
1591,452,129,5,1977.21
1592,188,130,4,1657.91
1593,56,89,3,1463.21
1594,237,226,1,892.66
1595,412,271,5,859.81
1596,405,295,4,1220.12
1597,220,11,4,
1598,71,95,3,1917.21
1599,40,205,2,60.1
1600,31,68,1,9.4
1601,749,3,5,1531.52
1602,755,132,4,228.68
1603,57,255,4,1775.55
1604,601,249,5,740.79
1605,248,219,5,1658.84
1606,109,273,1,1410.73
1607,337,277,5,
1608,43,143,0,485.44
1609,33,149,5,248.64
1610,8,89,1,1372.74
1611,616,103,4,774.41
1612,40,98,4,1002.78
1613,307,253,5,193.03
1614,969,21,4,1630.65
1615,59,278,3,1583.14
1616,191,123,5,1603.37
1617,725,257,1,1453.18
1618,894,55,2,1827.41
1619,676,82,1,187.14
1620,405,153,2,478.57
1621,95,37,2,1930.64
1622,97,254,5,1481.97
1623,104,109,2,499.97
1624,385,131,0,1333.65
1625,801,295,5,1913.32
1626,79,109,1,1089.79
1627,758,231,5,1946.6
1628,680,135,1,1349.31
1629,617,222,4,
1630,123,169,5,334.07
1631,677,106,5,489.17
1632,966,77,5,
1633,445,103,4,183.75
1634,532,259,5,939.68
1635,736,66,3,
1636,256,59,1,1176.99
1637,407,142,4,587.05
1638,992,111,3,
1639,131,104,5,1017.9
1640,703,75,4,126.59
1641,395,90,3,574.99
1642,721,210,2,1520.31
1643,746,48,0,1878.41
1644,477,138,5,41.4
1645,256,166,5,1221.38
1646,916,75,1,1300.6
1647,982,33,2,1102.68
1648,433,181,2,1431.9
1649,739,140,2,855.2
1650,537,260,4,966.75
1651,895,259,4,1759.14
1652,48,104,4,599.53
1653,997,236,4,1494.45
1654,575,15,3,1201.2
1655,887,221,5,1654.83
1656,411,146,5,475.93
1657,187,281,4,355.7
1658,936,9,3,1202.16
1659,558,181,3,1249.33
1660,497,223,3,306.27
1661,75,204,4,1658.3
1662,131,199,2,1884.69
1663,797,9,5,499.9
1664,75,106,4,380.99
1665,328,16,4,1996.81
1666,955,61,2,799.16
1667,957,23,3,769.44
1668,726,232,3,697.28
1669,319,57,1,1096.21
1670,276,239,3,1259.84
1671,951,277,1,
1672,339,171,1,435.08
1673,703,194,4,1842.04
1674,727,260,1,922.94
1675,792,281,4,197.74
1676,244,12,2,1707.5
1677,104,218,0,1446.15
1678,89,53,4,1037.5
1679,207,36,1,376.15
1680,621,236,5,572.25
1681,216,43,4,592.0
1682,265,262,2,1054.64
1683,194,285,3,1642.93
1684,298,96,3,1060.99
1685,111,291,2,422.47
1686,657,284,-1,564.44
1687,680,101,3,269.38
1688,116,106,5,568.93
1689,288,153,4,1936.21
1690,300,232,2,1459.58
1691,578,58,4,1799.9
1692,820,7,5,652.57
1693,78,75,2,148.92
1694,615,151,3,1306.17
1695,414,80,1,1225.43
1696,610,50,-1,1661.91
1697,954,108,3,1778.64
1698,332,71,0,1003.59
1699,937,205,5,925.19
1700,843,222,3,1263.46
1701,779,210,5,
1702,213,163,0,508.17
1703,922,1,2,1155.42
1704,251,169,0,264.49
1705,850,159,5,462.67
1706,331,93,1,856.57
1707,703,119,4,1023.97
1708,198,41,5,1477.03
1709,474,6,5,174.84
1710,698,224,1,856.12
1711,395,78,2,584.29
1712,867,176,-1,1030.66
1713,125,42,2,725.37
1714,725,284,1,1505.22
1715,636,272,5,34.4
1716,845,56,5,603.21
1717,342,138,3,951.39
1718,970,263,1,1607.11
1719,139,228,4,125.86
1720,834,182,1,1203.94
1721,135,238,5,1731.27
1722,446,146,5,1514.15
1723,289,189,4,952.58
1724,396,96,1,778.14
1725,472,247,5,1012.04
1726,878,276,3,714.19
1727,970,221,1,617.97
1728,886,97,3,1574.9
1729,425,198,1,29.04
1730,851,97,1,1808.0
1731,477,196,4,85.45
1732,701,247,4,
1733,997,79,5,1335.16
1734,105,251,4,1105.11
1735,233,14,1,1477.61
1736,565,16,4,1866.42
1737,418,50,4,1649.59
1738,433,21,5,935.08
1739,825,83,5,808.91
1740,727,297,1,731.11
1741,956,20,1,1689.54
1742,120,39,2,1365.98
1743,415,144,3,407.2
1744,75,299,1,502.55
1745,844,246,3,621.9
1746,402,40,0,1618.87
1747,892,51,4,1971.33
1748,541,191,3,1341.53
1749,840,4,4,458.28
1750,832,143,5,1574.85
1751,87,257,4,323.44
1752,614,272,3,1162.16
1753,181,122,1,1688.44
1754,911,265,5,922.1
1755,544,9999,4,5.71
1756,63,25,1,1686.74
1757,100,142,4,592.36
1758,300,200,4,1842.58
1759,182,191,3,1419.01
1760,921,251,3,1444.0
1761,140,154,4,624.13
1762,394,246,3,1441.14
1763,765,146,-1,331.86
1764,913,112,0,788.57
1765,343,136,5,1814.63
1766,256,117,0,744.38
1767,504,112,5,84.05
1768,441,253,4,1020.0
1769,412,8,3,985.91
1770,563,75,1,995.77
1771,330,228,2,1917.23
1772,863,163,4,29.02
1773,661,148,1,1758.73
1774,810,184,1,
1775,121,297,2,293.92
1776,334,295,4,1262.28
1777,795,248,5,638.14
1778,229,132,4,1401.55
1779,513,223,5,244.52
1780,179,233,1,351.75
1781,837,150,1,761.72
1782,952,12,5,694.32
1783,715,201,5,1990.49
1784,550,9,2,734.54
1785,395,179,5,1219.51
1786,417,39,3,1939.62
1787,106,30,3,215.55
1788,754,56,3,1114.71
1789,596,156,5,1836.7
1790,708,190,4,1111.27
1791,878,46,1,1973.85
1792,524,66,4,858.67
1793,97,214,-1,434.82
1794,719,200,4,1833.8
1795,327,105,2,31.54
1796,362,52,3,764.69
1797,98,74,3,201.77
1798,851,44,5,
1799,280,15,3,1602.31
1800,893,22,4,957.4
1801,735,261,4,1565.8
1802,298,299,-1,388.79
1803,537,151,1,116.78
1804,189,292,5,1396.2
1805,853,112,2,1818.08
1806,492,7,2,1352.68
1807,806,47,1,550.1
1808,708,193,2,117.32
1809,894,21,1,1841.77
1810,401,197,1,1188.92
1811,40,300,1,1903.57
1812,132,208,2,1532.11
1813,583,143,1,836.11
1814,245,262,3,
1815,562,162,5,1260.15
1816,468,52,3,1162.23
1817,993,19,2,71.48
1818,744,163,3,1684.77
1819,398,41,1,1442.79
1820,784,242,1,1862.29
1821,935,111,4,859.3
1822,476,175,1,1670.63
1823,95,164,1,576.42
1824,518,189,-1,1409.73
1825,935,64,5,1383.13
1826,974,232,0,1028.91
1827,11,71,3,408.04
1828,244,285,0,1571.44
1829,507,147,4,1711.01
1830,172,104,3,
1831,263,271,2,791.37
1832,179,244,4,1625.62
1833,985,246,1,1159.35
1834,585,47,5,411.39
1835,538,198,0,1620.01
1836,163,122,5,1282.25
1837,94,4,1,64.04
1838,678,36,5,314.47
1839,615,268,2,343.07
1840,571,286,3,784.73
1841,580,150,5,1556.18
1842,438,91,5,855.34
1843,760,125,5,1928.59
1844,789,36,2,727.77
1845,767,93,3,907.43
1846,892,145,5,1007.25
1847,28,53,5,706.08
1848,78,49,3,1061.87
1849,971,258,4,1633.87
1850,871,162,2,681.86
1851,862,57,3,534.65
1852,470,144,2,1801.22
1853,555,46,2,84.51
1854,562,168,1,703.32
1855,234,260,4,1633.56
1856,318,239,5,1304.15
1857,638,35,2,804.18
1858,49,143,2,
1859,965,137,3,860.23
1860,222,68,4,520.44
1861,962,87,1,1267.49
1862,815,8,1,905.08
1863,213,100,4,
1864,368,142,0,131.26
1865,341,45,1,1793.46
1866,323,257,5,333.61
1867,319,49,3,1114.31
1868,685,87,1,1130.83
1869,117,59,4,130.95
1870,371,137,1,35.91
1871,518,30,4,260.44
1872,502,78,3,1672.69
1873,528,142,1,171.35
1874,227,299,4,1249.22
1875,124,40,1,638.04
1876,608,41,1,249.89
1877,686,193,4,860.48
1878,758,8,2,1296.2
1879,335,187,5,887.88
1880,296,289,5,1581.56
1881,679,63,2,638.3
1882,617,23,5,1418.55
1883,822,183,5,1692.22
1884,482,13,5,1161.97
1885,710,226,4,280.34
1886,480,164,1,1159.69
1887,861,9999,2,1283.75
1888,128,212,4,1515.0
1889,591,117,4,638.58
1890,95,183,3,211.86
1891,383,19,3,339.2
1892,248,241,4,1815.01
1893,115,200,1,755.43
1894,421,114,0,1929.3
1895,7,190,2,1838.25
1896,529,283,3,411.98
1897,273,174,1,1166.45
1898,498,81,3,650.74
1899,51,281,5,219.15
1900,113,76,-1,156.41
1901,528,114,3,419.48
1902,883,137,1,1481.16
1903,938,299,3,757.14
1904,352,60,4,159.61
1905,868,67,4,999.25
1906,794,278,3,1746.46
1907,816,233,5,1900.03
1908,463,126,1,510.0
1909,408,206,3,435.86
1910,965,12,3,1932.54
1911,904,11,0,1575.48
1912,547,151,1,1903.35
1913,693,258,5,928.17
1914,268,35,1,1000.57
1915,381,297,5,428.02
1916,401,21,2,1231.81
1917,898,122,4,255.56
1918,606,186,3,1457.8
1919,365,194,1,153.22
1920,137,280,5,1042.09
1921,994,273,1,
1922,310,156,0,429.33
1923,25,237,1,1439.59
1924,912,175,4,1117.28
1925,322,32,4,1949.76
1926,585,154,3,1649.19
1927,953,20,1,1028.73
1928,76,17,-1,952.62
1929,628,187,5,1212.52
1930,273,294,3,112.93
1931,326,217,4,194.53
1932,32,141,4,1209.55
1933,581,267,-1,137.08
1934,651,184,3,220.69
1935,743,225,4,280.23
1936,718,253,5,1786.95
1937,89,237,4,1865.98
1938,235,184,5,1905.52
1939,762,228,3,268.52
1940,495,105,-1,1607.33
1941,226,51,2,448.57
1942,98,65,1,142.02
1943,238,294,5,1248.77
1944,945,235,3,
1945,776,225,5,1875.31
1946,957,195,3,424.75
1947,77,9999,3,988.35
1948,623,173,1,1006.88
1949,111,148,3,1386.41
1950,431,124,5,1038.36
1951,534,12,5,1815.39
1952,742,14,3,705.94
1953,82,17,5,77.37
1954,485,169,5,590.6
1955,60,52,4,487.37
1956,471,8,1,1595.93
1957,837,52,1,885.31
1958,940,222,0,691.56
1959,87,170,3,1350.11
1960,336,189,3,346.02
1961,561,26,4,470.5
1962,521,96,4,524.6
1963,775,209,4,
1964,334,257,4,331.73
1965,1,208,5,1865.15
1966,617,128,0,124.39
1967,747,242,4,758.95
1968,15,188,2,1570.4
1969,686,132,1,492.91
1970,192,210,4,1305.52
1971,217,127,5,524.66
1972,137,270,5,1045.22
1973,787,300,3,1405.06
1974,607,87,5,1856.49
1975,208,261,4,150.04
1976,898,73,-1,1150.81
1977,304,1,5,1875.65
1978,188,292,4,1969.73
1979,758,220,4,967.19
1980,873,15,-1,942.31
1981,43,58,2,1138.15
1982,988,177,5,224.65
1983,402,164,2,829.69
1984,149,284,2,1862.79
1985,658,80,4,512.89
1986,908,299,3,610.6
1987,723,41,4,255.08
1988,14,194,3,80.66
1989,759,9999,5,1864.26
1990,822,215,2,1921.27
1991,288,35,5,732.95
1992,815,127,-1,1370.98
1993,12,192,2,966.87
1994,443,225,1,1732.8
1995,864,115,1,1907.15
1996,240,71,2,36.54
1997,63,259,1,54.93
1998,208,86,2,1151.98
1999,635,226,3,1056.89
2000,209,37,3,959.29
2001,426,61,5,179.43
2002,201,136,2,1788.11
2003,180,77,4,1309.83
2004,359,6,5,231.76
2005,955,139,2,604.02
2006,59,157,2,1694.19
2007,958,89,3,36.44
2008,522,299,5,700.09
2009,577,260,4,1308.05
2010,288,230,1,1190.03
2011,182,95,5,948.25
2012,477,1,1,922.31
2013,21,203,2,171.51
2014,14,59,0,1905.16
2015,928,262,4,1212.75
2016,100,208,5,687.69
2017,699,91,3,1409.14
2018,834,58,3,627.68
2019,312,126,1,84.06
2020,257,85,4,772.06
2021,193,94,3,1917.91
2022,660,213,3,
2023,354,219,3,132.59
2024,435,73,1,1292.2
2025,667,223,1,1733.09
2026,375,204,2,481.52
2027,528,298,4,944.6
2028,76,145,2,1888.9
2029,533,241,2,1101.97
2030,153,80,5,872.41
2031,135,201,1,492.46
2032,40,263,5,1653.79
2033,709,296,4,1648.01
2034,123,257,3,1324.48
2035,271,202,2,748.75
2036,61,96,2,1069.63
2037,688,38,3,1784.55
2038,686,213,4,1701.37
2039,870,199,1,615.97
2040,971,226,3,484.33
2041,141,196,5,62.62
2042,407,51,2,1886.42
2043,862,112,3,1294.99
2044,40,238,5,1045.51
2045,495,251,2,209.38
2046,39,26,5,698.32
2047,454,113,3,994.63
2048,676,82,1,1149.93
2049,940,235,1,447.66
2050,21,82,4,699.21
2051,156,202,1,86.77
2052,903,74,1,815.0
2053,620,262,4,770.17
2054,686,197,-1,220.62
2055,503,254,5,1981.07
2056,945,227,4,1991.11
2057,930,146,5,640.27
2058,580,127,5,759.71
2059,103,19,3,512.5
2060,821,190,2,1219.7
2061,353,165,5,147.83
2062,384,213,-1,1047.77
2063,401,71,1,648.98
2064,942,9999,3,1892.07
2065,922,175,1,1316.73
2066,198,234,3,148.09
2067,675,220,0,1813.23
2068,447,151,3,114.66
2069,861,183,1,
2070,976,255,3,1697.27
2071,703,233,3,122.56
2072,585,1,4,502.18
2073,682,83,3,1257.44
2074,816,34,2,1992.02
2075,325,149,1,1540.52
2076,621,124,1,517.81
2077,526,271,3,630.1
2078,420,1,4,1939.87
2079,917,250,5,1550.56
2080,525,94,-1,671.79
2081,221,114,4,1371.03
2082,243,240,3,389.53
2083,412,138,2,1313.02
2084,869,155,1,20.84
2085,109,261,2,876.98
2086,624,36,3,1026.55
2087,918,161,1,448.55
2088,990,51,1,72.97
2089,660,208,5,654.16
2090,315,56,5,984.3
2091,978,258,5,93.85
2092,511,265,3,1783.23
2093,663,187,2,934.45
2094,663,161,2,648.68
2095,263,295,5,1083.81
2096,755,57,1,990.73
2097,786,37,3,1883.31
2098,685,189,3,112.35
2099,880,116,1,13.2
2100,98,299,5,
2101,649,166,4,526.26
2102,397,2,2,1538.7
2103,527,197,1,1861.62
2104,644,125,2,1901.51
2105,21,210,2,315.36
2106,267,283,1,1572.15
2107,699,168,1,595.76
2108,959,295,0,477.11
2109,704,59,3,1862.53
2110,310,294,2,304.49
2111,161,163,4,883.82
2112,394,140,1,87.93
2113,649,244,3,1155.77
2114,988,97,5,694.28
2115,65,98,3,1390.55
2116,31,228,3,1502.09
2117,481,133,0,1568.21
2118,843,294,1,836.51
2119,210,156,1,1701.25
2120,90,286,4,993.56
2121,134,21,3,509.07
2122,974,32,5,415.99
2123,99,193,2,56.24
2124,761,248,5,1729.03
2125,219,82,5,1326.17
2126,354,159,4,532.97
2127,172,76,5,325.14
2128,832,114,3,657.74
2129,194,166,4,1491.44
2130,269,32,2,136.12
2131,803,176,2,1679.91
2132,171,176,1,253.13
2133,871,293,4,1049.18
2134,3,106,0,91.68
2135,129,196,2,1676.39
2136,470,242,1,5.51
2137,212,43,3,974.8
2138,148,119,5,275.94
2139,273,251,5,
2140,663,103,4,125.72
2141,610,2,4,368.69
2142,338,57,4,52.01
2143,760,292,2,994.79
2144,632,81,1,758.21
2145,86,255,1,1447.21
2146,22,238,-1,944.91
2147,387,275,2,
2148,447,66,5,1298.32
2149,269,283,5,
2150,28,282,4,805.75
2151,885,266,4,1926.84
2152,430,95,1,398.87
2153,816,170,3,464.96
2154,200,81,0,1356.67
2155,184,14,2,703.73
2156,643,295,5,1478.78
2157,53,244,3,1351.09
2158,454,27,1,1364.66
2159,300,89,2,1730.08
2160,779,4,2,800.05
2161,124,139,3,1193.88
2162,290,205,2,762.59
2163,678,131,2,946.47
2164,784,291,5,863.65
2165,700,251,4,1492.35
2166,56,259,5,1404.12
2167,698,147,2,1492.38
2168,983,171,3,1220.98
2169,378,269,0,1787.61
2170,710,223,2,961.06
2171,322,107,5,1287.64
2172,539,64,1,989.33
2173,856,107,3,1013.13
2174,256,239,2,1670.51
2175,397,294,4,1215.85
2176,848,103,1,1295.76
2177,322,110,3,563.66
2178,248,283,1,97.14
2179,960,23,-1,1286.9
2180,223,141,3,635.23
2181,937,135,3,437.31
2182,253,189,3,1877.59
2183,776,9,5,435.31
2184,904,144,3,225.74
2185,670,285,1,123.22
2186,78,9999,1,411.72
2187,576,9999,1,1654.56
2188,4,260,1,284.96
2189,810,143,3,1445.72
2190,948,245,2,105.75
2191,522,190,1,1325.48
2192,633,82,3,1360.03
2193,985,224,5,774.22
2194,958,130,5,107.01
2195,384,177,5,1060.01
2196,971,78,1,1931.19
2197,661,174,4,1581.17
2198,572,33,3,1280.41
2199,922,229,1,589.9
2200,736,128,3,540.39
2201,808,127,4,1138.88
2202,788,202,1,22.68
2203,808,169,3,215.95
2204,223,290,2,846.82
2205,783,237,3,1289.8
2206,125,128,5,1459.2
2207,961,1,2,903.45
2208,137,11,2,252.75
2209,677,177,1,1730.44
2210,433,220,2,50.32
2211,292,266,4,1748.92
2212,128,174,5,1600.75
2213,377,31,1,1802.44
2214,559,74,4,1586.86
2215,57,200,-1,465.16
2216,318,19,2,591.36
2217,165,209,3,218.55
2218,160,27,5,1698.17
2219,89,281,2,1560.44
2220,157,57,1,803.49
2221,61,297,3,1230.49
2222,200,7,3,829.02
2223,103,8,2,666.75
2224,843,22,0,429.29
2225,656,9999,2,994.95
2226,323,222,3,1744.78
2227,474,300,4,1475.15
2228,751,190,4,1346.77
2229,984,229,4,1998.91
2230,493,245,5,566.47
2231,255,244,2,1511.24
2232,187,9999,3,221.36
2233,600,31,5,494.82
2234,959,60,0,833.77
2235,755,9999,2,1507.38
2236,26,119,5,1438.2
2237,216,74,4,1429.31
2238,542,132,5,1350.18
2239,704,86,1,1215.38
2240,116,187,1,297.67
2241,307,121,1,1643.1
2242,519,218,5,165.3
2243,89,286,1,1573.16
2244,912,49,5,1789.46
2245,446,53,2,1335.83
2246,446,195,3,334.82
2247,189,104,5,10.25
2248,742,156,0,1052.32
2249,28,228,5,745.07
2250,296,252,4,690.22
2251,674,183,1,1462.89
2252,339,31,5,729.85
2253,372,72,2,1850.16
2254,58,262,4,1682.68
2255,821,250,1,95.31
2256,214,173,2,918.89
2257,346,136,4,124.86
2258,961,271,2,663.08
2259,412,187,1,
2260,753,200,4,1873.87
2261,382,211,5,200.76
2262,873,128,2,50.62
2263,257,37,5,231.98
2264,720,141,5,511.77
2265,686,202,2,439.76
2266,376,138,4,1536.23
2267,683,81,4,547.47
2268,394,69,3,1356.01
2269,372,249,2,315.85
2270,608,266,1,135.79
2271,323,36,5,1258.49
2272,825,236,4,1698.54
2273,356,147,5,881.01
2274,809,78,4,326.59
2275,632,6,3,143.72
2276,475,174,1,954.68
2277,130,160,1,1340.23
2278,683,248,2,1682.83
2279,679,157,4,383.79
2280,37,162,4,1879.6
2281,75,75,3,1121.41
2282,401,9999,1,1869.1
2283,392,30,5,855.88
2284,428,52,2,1998.99
2285,53,78,1,71.73
2286,689,217,3,514.12
2287,375,65,4,566.18
2288,284,208,2,
2289,486,22,4,59.98
2290,737,121,3,1774.69
2291,538,61,5,641.18
2292,673,39,4,1759.76
2293,478,288,5,1739.73
2294,175,106,4,1412.4
2295,502,254,2,1491.14
2296,719,225,1,1014.82
2297,936,47,5,677.28
2298,701,267,2,1857.36
2299,791,84,1,1248.01
2300,702,238,5,1901.84
2301,150,210,2,1248.87
2302,132,182,2,870.77
2303,50,169,5,93.23
2304,972,4,2,148.42
2305,159,103,2,1076.41
2306,403,74,5,582.77
2307,300,59,5,632.81
2308,129,169,4,312.77
2309,928,247,4,589.33
2310,862,253,4,1241.42
2311,781,234,1,608.25
2312,759,238,4,1504.62
2313,623,54,4,101.02
2314,502,2,1,552.74
2315,350,9999,2,640.76
2316,962,94,3,1777.95
2317,711,158,5,1368.94
2318,313,245,5,1949.12
2319,677,206,1,1254.25
2320,818,35,1,1467.98
2321,951,226,3,1065.84
2322,33,41,1,876.21
2323,755,132,3,1617.07
2324,867,198,0,1908.28
2325,180,39,3,757.91
2326,533,195,4,990.61
2327,746,76,4,101.69
2328,988,46,5,1094.26
2329,638,279,4,1234.63
2330,686,47,1,1354.52
2331,629,141,2,1420.57
2332,832,286,2,570.07
2333,333,74,4,1404.82
2334,759,48,2,1384.01
2335,139,231,1,983.83
2336,42,127,4,383.67
2337,48,142,5,417.82
2338,172,113,0,1635.4
2339,313,167,4,540.63
2340,998,11,0,1666.87
2341,586,62,1,1733.88
2342,114,57,5,260.26
2343,516,50,5,661.06
2344,166,49,5,636.61
2345,656,215,4,1031.01
2346,640,299,4,235.06
2347,937,178,2,1510.29
2348,747,79,3,177.14
2349,625,227,0,765.01
2350,995,150,4,1997.03
2351,257,20,1,1435.37
2352,728,208,2,1787.67
2353,954,111,5,50.2
2354,514,195,2,312.47
2355,325,90,4,1538.56
2356,815,297,0,1133.69
2357,934,263,3,572.13
2358,227,281,4,583.59
2359,563,239,1,1531.21
2360,323,65,4,1894.97
2361,593,194,3,278.88
2362,41,201,5,507.14
2363,75,61,1,
2364,267,132,3,774.92
2365,417,23,3,1144.35
2366,365,175,4,499.7
2367,457,252,5,366.35
2368,670,255,5,519.01
2369,939,81,3,1728.94
2370,511,18,1,471.58
2371,252,70,2,1217.54
2372,723,150,3,654.03
2373,421,122,1,826.86
2374,50,134,0,1167.71
2375,840,14,5,977.13
2376,101,222,5,1335.51
2377,848,188,5,899.18
2378,532,287,1,388.74
2379,43,264,1,561.58
2380,959,269,5,638.76
2381,253,76,0,1919.42
2382,879,173,1,1773.56
2383,393,123,3,1230.49
2384,758,78,5,938.67
2385,38,252,3,162.61
2386,518,51,4,1954.7
2387,36,69,5,1516.93
2388,324,173,2,482.89
2389,329,270,3,1451.37
2390,299,63,5,74.46
2391,684,136,1,880.76
2392,245,101,1,1175.86
2393,454,245,2,1495.19
2394,920,120,2,383.56
2395,945,137,0,150.9
2396,895,239,1,796.89
2397,199,9999,5,561.91
2398,748,52,3,
2399,872,119,1,673.18
2400,56,122,5,938.45
2401,331,175,1,698.51
2402,614,48,3,1455.68
2403,109,87,4,1183.1
2404,226,9999,3,748.77
2405,681,294,4,393.29
2406,187,174,3,1558.41
2407,777,262,1,1305.69
2408,987,190,-1,810.75
2409,137,269,1,364.15
2410,626,65,4,99.38
2411,842,52,3,745.32
2412,818,210,1,925.04
2413,267,9999,2,
2414,159,43,3,1215.09
2415,585,197,1,370.55
2416,897,12,3,255.44
2417,965,263,1,184.62
2418,65,115,3,1549.4
2419,424,236,4,1853.29
2420,201,166,4,1202.91
2421,553,192,1,348.86
2422,327,204,3,845.24
2423,602,292,4,1352.68
2424,410,229,4,963.14
2425,469,29,3,1547.15
2426,622,229,2,1570.03
2427,301,28,0,1233.76
2428,387,211,1,153.74
2429,939,62,2,583.17
2430,187,138,5,1156.6
2431,764,9,0,592.39
2432,584,123,3,1899.55
2433,218,94,2,724.73
2434,226,70,4,1599.68
2435,563,296,0,352.1
2436,435,82,5,485.86
2437,377,130,5,1665.39
2438,340,283,4,1590.38
2439,862,68,5,198.86
2440,282,122,2,1405.02
2441,564,215,2,892.3
2442,600,293,5,330.82
2443,441,185,3,1730.82
2444,41,222,3,846.57
2445,952,250,3,638.68
2446,585,163,1,8.41
2447,646,101,5,826.85
2448,572,63,1,1460.12
2449,652,298,4,499.51
2450,494,238,-1,1925.27
2451,372,243,1,545.95
2452,666,233,4,231.15
2453,853,9999,3,1359.19
2454,991,47,4,969.18
2455,639,193,2,427.08
2456,838,138,1,1801.81
2457,575,110,5,1707.58
2458,734,142,1,1041.82
2459,13,96,4,280.71
2460,142,79,3,1539.26
2461,401,127,1,1000.65
2462,653,12,4,1312.71
2463,538,100,1,864.67
2464,525,42,5,386.34
2465,71,235,2,400.26
2466,647,287,5,1159.72
2467,943,145,4,1492.83
2468,967,154,3,1841.72
2469,679,167,4,1555.5
2470,19,282,4,499.88
2471,860,123,2,
2472,363,115,2,1882.11
2473,766,291,4,1906.36
2474,766,230,4,1245.75
2475,400,157,0,575.35
2476,652,40,5,42.19
2477,385,46,4,605.1
2478,829,107,3,946.21
2479,174,259,1,1428.16
2480,708,67,2,277.46
2481,831,225,5,321.89
2482,867,32,2,87.79
2483,436,42,4,452.05
2484,579,209,2,364.3
2485,344,86,1,
2486,942,23,3,1293.93
2487,635,9999,0,1686.39
2488,664,261,2,1995.38
2489,637,204,4,1178.54
2490,658,203,2,1581.71
2491,652,237,2,1496.18
2492,247,9999,5,1894.7
2493,946,235,3,1756.93
2494,233,139,1,1935.57
2495,343,1,1,1866.97
2496,889,145,0,305.12
2497,525,273,0,1931.18
2498,109,185,1,1277.92
2499,15,9999,4,1471.38
2500,605,146,2,1484.81
2501,102,280,2,321.12
2502,673,9,1,
2503,137,70,3,706.77
2504,992,102,5,249.87
2505,875,9999,2,1337.9
2506,176,74,4,941.09
2507,744,29,4,413.41
2508,555,152,1,634.61
2509,246,78,1,
2510,311,166,1,685.85
2511,858,148,1,1778.38
2512,514,211,4,1561.82
2513,877,35,4,421.17
2514,780,102,1,297.95
2515,525,12,5,447.94
2516,600,35,5,1789.63
2517,379,9999,3,1906.6
2518,565,208,5,867.85
2519,112,66,4,1029.85
2520,769,146,3,1611.02
2521,910,204,4,510.83
2522,739,101,4,1899.04
2523,472,138,5,1657.4
2524,527,277,2,1998.8
2525,319,125,1,40.7
2526,789,162,1,855.55
2527,360,291,5,859.17
2528,307,77,3,56.47
2529,148,52,2,1461.33
2530,977,9,5,1116.44
2531,295,120,5,1673.42
2532,865,170,3,1259.73
2533,735,136,3,1516.7
2534,149,41,5,913.93
2535,660,291,3,1717.06
2536,930,84,3,1098.01
2537,159,13,2,877.06
2538,911,9999,4,374.25
2539,446,116,2,1242.96
2540,949,42,3,1183.34
2541,238,30,3,1722.03
2542,760,20,2,997.15
2543,321,82,2,1236.34
2544,282,27,2,792.5
2545,765,285,3,644.19
2546,618,298,4,1349.65
2547,949,212,2,1517.03
2548,364,93,2,1977.22
2549,425,74,3,
2550,752,30,5,1126.52
2551,982,7,0,1163.48
2552,789,3,2,1397.18
2553,886,57,-1,
2554,151,269,-1,998.09
2555,306,133,-1,1201.17
2556,750,126,1,89.21
2557,120,269,2,1987.35
2558,688,114,5,787.7
2559,134,27,4,837.22
2560,553,71,0,100.67
2561,156,202,5,304.5
2562,145,164,4,1120.92
2563,783,172,5,7.92
2564,770,102,3,1713.85
2565,211,27,-1,1512.83
2566,521,6,3,1926.64
2567,577,282,4,1208.33
2568,157,118,1,1055.01
2569,113,173,1,979.54
2570,269,139,1,1664.92
2571,786,155,4,499.93
2572,423,111,4,266.07
2573,488,254,1,975.39
2574,524,208,-1,
2575,482,289,1,
2576,64,138,5,1470.11
2577,383,256,2,1456.8
2578,1,214,0,312.36
2579,667,92,3,1889.85
2580,61,79,5,886.87
2581,759,160,4,521.02
2582,74,80,3,78.58
2583,269,60,5,920.82
2584,270,36,3,150.7
2585,50,92,2,1511.35
2586,954,101,3,66.52
2587,212,202,1,957.34
2588,265,257,3,669.29
2589,178,233,2,315.33
2590,243,300,1,86.86
2591,160,296,5,1654.21
2592,366,14,1,
2593,127,214,2,119.1
2594,281,290,2,1380.69
2595,449,243,5,346.65
2596,885,259,3,1391.59
2597,214,31,4,1039.48
2598,785,32,4,1898.21
2599,864,51,0,600.69
2600,267,104,5,644.56
2601,179,26,3,409.75
2602,567,33,0,1828.85
2603,87,10,3,1982.49
2604,215,258,2,163.44
2605,803,20,4,1015.53
2606,672,247,2,1406.37
2607,533,57,1,548.44
2608,158,220,4,989.63
2609,684,207,3,679.71
2610,489,2,5,165.4
2611,182,39,2,743.73
2612,378,256,-1,1341.56
2613,761,288,3,46.16
2614,756,9,2,1277.55
2615,274,113,2,646.17
2616,833,151,0,1651.65
2617,778,222,4,1628.26
2618,565,253,5,743.86
2619,577,50,2,1981.01
2620,373,96,0,1977.51
2621,312,237,2,586.22
2622,616,270,3,1759.99
2623,440,296,4,435.35
2624,16,268,4,437.08
2625,718,280,1,1217.43
2626,19,79,3,1287.95
2627,446,252,2,1087.76
2628,145,126,0,1095.6
2629,836,18,5,1472.76
2630,959,262,5,1675.48
2631,767,11,1,495.59
2632,671,254,0,205.65
2633,792,144,4,1133.69
2634,70,111,3,753.5
2635,429,149,5,964.53
2636,48,257,0,853.88
2637,284,147,5,1716.79
2638,152,162,4,673.53
2639,892,215,1,1291.16
2640,399,171,4,864.8
2641,774,254,3,10.58
2642,886,214,0,1240.75
2643,643,260,4,556.88
2644,796,266,2,1479.43
2645,542,78,1,1606.5
2646,626,243,5,389.05
2647,246,267,3,797.18
2648,574,236,5,260.79
2649,899,200,5,1775.65
2650,787,137,2,955.85
2651,424,154,5,893.13
2652,427,176,2,
2653,427,278,3,1194.74
2654,147,132,3,769.09
2655,289,249,5,1424.21
2656,432,62,0,1494.4
2657,75,190,2,1917.82
2658,900,42,1,1934.41
2659,581,223,2,764.78
2660,284,107,2,794.04
2661,414,6,5,1579.35
2662,218,191,5,1239.65
2663,916,135,5,777.72
2664,215,8,0,588.33
2665,145,140,2,1032.43
2666,396,291,3,
2667,558,84,2,1645.1
2668,718,165,4,841.01
2669,612,275,5,62.49
2670,130,223,2,754.16
2671,136,49,1,303.66
2672,50,99,5,465.3
2673,1,138,1,906.92
2674,891,109,4,112.88
2675,294,167,5,710.35
2676,875,89,3,1924.53
2677,514,292,1,1812.25
2678,189,141,1,1356.5
2679,16,112,1,726.15
2680,737,74,-1,1114.87
2681,680,110,0,1535.52
2682,442,234,4,1336.28
2683,861,40,5,1146.9
2684,661,80,2,1453.81
2685,875,293,1,1940.73
2686,872,264,5,1662.08
2687,460,138,1,662.3
2688,77,46,3,1853.71
2689,245,151,1,899.33
2690,447,9,3,602.78
2691,692,71,1,1014.68
2692,181,70,3,698.6
2693,178,44,2,914.41
2694,504,211,2,1193.05
2695,693,202,3,600.24
2696,764,174,1,1413.68
2697,267,275,2,1958.31
2698,782,124,2,1822.51
2699,102,46,1,371.46
2700,469,22,5,857.13
2701,469,49,3,803.07
2702,508,220,3,
2703,15,297,5,1762.99
2704,559,107,5,58.64
2705,925,115,5,680.21
2706,97,299,5,584.59
2707,936,9999,0,1534.55
2708,624,50,2,1793.3
2709,432,168,4,1303.77
2710,629,9999,1,109.48
2711,742,39,2,140.35
2712,169,72,2,1136.67
2713,894,55,1,1464.61
2714,139,39,5,879.16
2715,308,69,1,495.69
2716,71,257,3,1427.17
2717,57,94,4,1447.34
2718,739,112,-1,278.33
2719,449,149,4,476.54
2720,188,230,1,381.25
2721,244,88,4,1221.23
2722,873,259,4,1647.6
2723,231,20,1,335.5
2724,985,143,3,1310.55
2725,346,236,1,777.69
2726,594,228,4,1949.27
2727,738,24,5,28.69
2728,271,155,2,1669.7
2729,819,211,5,1034.87
2730,379,274,1,866.38
2731,995,276,1,1784.53
2732,811,131,1,1253.83
2733,684,86,3,614.11
2734,672,154,1,1038.92
2735,987,5,1,1722.05
2736,499,9999,2,1905.86
2737,736,33,3,1666.23
2738,224,56,3,
2739,185,278,1,509.71
2740,126,132,1,1983.04
2741,641,215,4,824.91
2742,787,165,0,893.8
2743,290,40,3,1636.1
2744,390,108,5,1478.59
2745,569,14,1,47.72
2746,566,184,1,1654.15
2747,597,227,5,749.59
2748,570,291,2,1743.67
2749,288,110,4,343.02
2750,350,48,3,1209.79
2751,914,17,4,470.94
2752,521,267,5,954.62
2753,517,132,3,1166.82
2754,916,99,3,694.77
2755,905,294,2,206.98
2756,95,100,2,817.07
2757,794,151,3,1288.4
2758,652,60,4,989.56
2759,494,241,4,1059.77
2760,663,108,5,923.61
2761,660,9999,2,1670.99
2762,111,4,3,227.04
2763,699,242,3,1726.36
2764,77,237,2,
2765,131,100,5,1930.87
2766,492,260,3,1471.81
2767,464,131,5,1989.19
2768,635,211,2,1077.85
2769,158,258,4,1898.23
2770,206,3,1,1633.57
2771,908,234,5,178.23
2772,46,241,2,965.56
2773,43,70,1,1027.13
2774,551,221,4,349.14
2775,319,93,3,295.59
2776,974,78,4,223.33
2777,849,236,5,1965.42
2778,539,162,1,1265.85
2779,885,156,3,940.37
2780,606,163,5,1441.1
2781,806,6,4,1235.97
2782,28,39,5,1471.33
2783,349,86,2,1775.11
2784,323,83,3,1095.85
2785,870,124,3,
2786,522,52,1,21.9
2787,91,256,2,727.97
2788,421,148,1,1467.63
2789,94,126,3,221.21
2790,495,54,3,82.35
2791,771,142,3,1773.54
2792,642,9999,4,165.49
2793,654,16,5,872.45
2794,711,164,5,275.83
2795,147,115,1,8.37
2796,520,93,0,1592.36
2797,365,15,0,1633.03
2798,32,276,2,1692.38
2799,132,155,3,1480.75
2800,632,150,5,1042.98
2801,111,124,0,926.04
2802,651,86,3,1031.65
2803,775,186,5,952.49
2804,45,214,5,331.47
2805,124,190,2,1771.7
2806,789,280,2,611.94
2807,976,254,5,688.06
2808,348,136,2,1641.22
2809,49,9999,2,325.69
2810,160,37,5,851.75
2811,640,159,3,1933.6
2812,842,28,-1,1212.94
2813,796,149,2,1139.6
2814,154,146,1,1784.55
2815,566,186,2,1292.61
2816,638,78,5,1502.19
2817,523,174,3,1571.77
2818,395,9999,4,726.19
2819,945,277,3,731.61
2820,324,27,2,991.05
2821,505,31,4,1657.13
2822,609,89,4,1945.34
2823,655,145,5,1314.47
2824,829,141,3,608.84
2825,232,56,4,312.1
2826,586,92,5,54.72
2827,379,9999,4,1263.34
2828,435,176,3,1482.92
2829,237,230,2,
2830,220,110,1,543.45
2831,997,292,5,1541.25
2832,108,27,5,1992.22
2833,483,235,3,1015.14
2834,499,99,4,236.45
2835,75,201,1,668.56
2836,175,5,5,1580.62
2837,312,236,5,658.2
2838,403,125,3,498.29
2839,195,213,3,1323.42
2840,899,41,3,1824.12
2841,261,75,1,1176.51
2842,289,177,1,1083.02
2843,495,252,3,878.54
2844,817,100,3,1283.95
2845,219,158,1,451.64
2846,141,9999,2,1643.67
2847,552,180,1,1735.2
2848,608,261,5,1123.54
2849,256,281,2,1137.65
2850,383,283,4,558.16
2851,307,71,1,1775.24
2852,627,187,1,817.25
2853,120,252,2,54.63
2854,174,111,3,1560.32
2855,950,66,3,289.39
2856,199,9999,5,1533.65
2857,364,256,3,1928.5
2858,872,161,2,1349.62
2859,525,244,0,1930.0
2860,944,98,4,593.16
2861,780,125,4,268.7
2862,347,263,4,1942.25
2863,170,57,4,305.81
2864,530,207,5,485.06
2865,641,99,1,193.52
2866,511,157,4,696.93
2867,92,22,5,
2868,582,225,4,1424.71
2869,977,43,0,1619.15
2870,26,101,4,1232.08
2871,840,9999,2,593.61
2872,33,26,3,882.28
2873,935,248,2,1345.16
2874,251,127,5,43.81
2875,108,69,1,1722.87
2876,145,210,1,1168.61
2877,676,59,1,
2878,544,296,5,743.48
2879,410,252,2,1349.29
2880,259,212,5,239.33
2881,931,232,2,674.52
2882,192,101,3,1484.31
2883,278,296,4,425.4
2884,828,144,4,1347.94
2885,644,209,1,1706.98
2886,570,143,2,749.9
2887,34,89,4,943.72
2888,112,18,5,509.1
2889,932,8,1,1583.93
2890,957,8,2,1083.75
2891,808,27,1,683.58
2892,784,21,3,786.17
2893,933,123,2,476.72
2894,462,248,0,39.72
2895,153,185,3,1306.01
2896,765,15,5,1654.6
2897,794,1,5,1510.85
2898,110,95,2,1147.24
2899,227,16,4,1985.97
2900,215,134,2,855.92
2901,139,60,3,1698.44
2902,390,168,1,1975.93
2903,586,105,4,373.55
2904,523,228,2,410.29
2905,169,252,2,155.72
2906,6,156,5,
2907,983,123,2,560.1
2908,998,48,3,1724.64
2909,381,9999,4,993.8
2910,449,1,4,855.4
2911,971,97,4,727.64
2912,616,271,1,989.34
2913,415,3,1,404.93
2914,411,251,2,1633.95
2915,685,235,1,1277.52
2916,880,38,4,1947.6
2917,696,85,2,1745.9
2918,671,257,4,
2919,671,2,2,1257.64
2920,486,155,4,289.68
2921,601,57,1,742.51
2922,909,12,1,414.25
2923,577,258,3,907.85
2924,724,142,4,1754.84
2925,355,99,4,1548.01
2926,827,26,0,1508.22
2927,214,181,4,766.71
2928,784,187,1,1695.39
2929,809,19,4,486.22
2930,418,294,1,
2931,196,162,5,
2932,936,238,5,870.91
2933,171,137,5,692.3
2934,844,97,0,1899.6
2935,393,134,3,268.81
2936,685,156,4,871.2
2937,527,146,2,22.61
2938,404,19,2,216.29
2939,532,84,5,216.66
2940,739,100,1,1280.01
2941,40,101,1,1705.89
2942,402,264,1,913.81
2943,259,75,1,1507.24
2944,583,13,3,911.79
2945,837,25,4,1287.98
2946,342,124,-1,148.14
2947,394,216,4,267.55
2948,782,208,4,1650.45
2949,334,105,3,1838.45
2950,445,263,2,1917.26
2951,700,19,3,1576.78
2952,734,3,5,207.89
2953,621,67,3,
2954,198,238,2,230.08
2955,634,267,4,347.8
2956,847,19,5,1957.7
2957,60,117,1,1736.24
2958,964,128,5,164.53
2959,116,264,0,255.91
2960,567,10,1,393.14
2961,829,77,3,1395.69
2962,550,251,2,793.97
2963,458,202,4,1961.13
2964,297,129,4,236.23
2965,851,69,3,1022.77
2966,71,72,4,1458.88
2967,701,290,2,1447.89
2968,880,148,1,1034.85
2969,482,290,2,105.87
2970,285,190,4,127.09
2971,559,74,4,1856.88
2972,91,114,2,1680.74
2973,764,206,0,1843.59
2974,567,273,5,1563.98
2975,724,47,2,1292.01
2976,281,241,1,662.01
2977,963,267,5,19.27
2978,876,105,2,650.35
2979,335,288,3,474.58
2980,477,112,1,527.55
2981,173,98,1,1526.81
2982,995,99,1,93.36
2983,83,60,0,1400.82
2984,613,242,1,1424.44
2985,476,4,3,48.84
2986,863,99,3,1288.21
2987,434,7,4,1025.11
2988,436,292,3,1357.98
2989,129,28,4,1038.69
2990,512,147,1,1284.08
2991,707,257,3,1900.83
2992,304,24,0,1790.33
2993,983,6,4,1897.2
2994,484,9999,3,857.11
2995,203,109,3,130.01
2996,402,232,2,872.29
2997,946,100,1,414.28
2998,162,270,4,1275.73
2999,340,300,2,908.42
3000,747,65,4,1875.7
