id,customer_id,date,status
1,311,2026-03-13,processing
2,221,2026-03-24,processing
3,133,2025-11-28,completed
4,423,2026-05-13,completed
5,359,2025-08-04,completed
6,444,2025-07-11,processing
7,355,2025-08-19,processing
8,90,2026-04-24,pending
9,181,2025-08-16,completed
10,374,2026-01-29,completed
11,230,2025-11-27,cancelled
12,192,2025-09-16,processing
13,95,2025-07-30,processing
14,306,2026-03-20,processing
15,183,2025-12-05,completed
16,59,2026-01-24,cancelled
17,262,2025-09-12,processing
18,174,2026-01-17,pending
19,217,2025-10-25,cancelled
20,168,2026-02-22,pending
21,214,2026-04-07,completed
22,98,2026-02-10,completed
23,,2026-01-20,processing
24,248,2026-03-04,processing
25,296,2025-11-03,pending
26,184,2026-05-11,completed
27,339,2025-12-07,pending
28,153,2025-12-03,cancelled
29,426,2025-12-11,processing
30,340,2025-08-29,completed
31,50,2026-02-24,cancelled
32,362,2025-09-12,pending
33,23,2025-12-26,cancelled
34,337,2026-01-05,completed
35,472,2025-08-21,processing
36,220,2025-10-15,cancelled
37,380,2026-06-02,processing
38,472,2026-03-12,completed
39,209,2026-04-28,pending
40,88,2026-03-13,processing
41,298,2025-12-06,processing
42,331,2025-08-05,completed
43,284,2025-07-23,completed
44,76,2025-08-20,processing
45,47,2025-07-18,completed
46,401,2025-11-28,completed
47,22,2026-04-08,pending
48,394,2025-12-20,cancelled
49,256,2025-08-05,processing
50,444,2026-02-13,pending
51,3,2025-09-07,completed
52,441,2026-04-17,INVALID_STATUS
53,445,2025-08-04,cancelled
54,391,2026-04-26,pending
55,250,2026-01-22,cancelled
56,111,2025-12-06,cancelled
57,448,2025-09-22,INVALID_STATUS
58,249,2025-10-18,cancelled
59,399,2025-08-10,completed
60,305,2026-06-17,pending
61,306,2026-04-30,processing
62,205,2026-02-02,pending
63,347,2025-11-19,completed
64,235,2026-02-09,completed
65,142,2025-11-13,pending
66,183,2026-06-07,cancelled
67,438,2026-01-01,cancelled
68,214,2025-06-14,pending
69,438,2026-05-26,processing
70,162,2025-12-02,processing
71,415,2026-07-07,cancelled
72,370,2025-12-26,completed
73,395,2026-06-30,completed
74,174,2025-06-07,completed
75,426,2025-11-02,completed
76,315,2025-06-21,pending
77,160,2025-07-10,processing
78,135,2025-07-16,pending
79,342,2026-07-01,INVALID_STATUS
80,413,2026-03-15,completed
81,311,2026-03-12,processing
82,187,2026-06-20,processing
83,238,2026-02-16,processing
84,412,2025-11-02,processing
85,1,2025-08-23,completed
86,458,2025-12-13,completed
87,114,2025-06-09,completed
88,471,2025-06-17,completed
89,177,2025-07-07,cancelled
90,289,2026-05-04,processing
91,75,2026-06-21,completed
92,,2025-09-20,processing
93,90,2026-03-29,cancelled
94,238,2025-11-12,processing
95,348,2025-12-01,processing
96,288,2025-08-20,completed
97,378,2026-03-03,processing
98,449,2025-06-13,completed
99,253,2025-10-20,pending
100,466,2026-05-28,processing
101,296,2026-06-06,cancelled
102,2,2026-01-22,processing
103,22,2026-04-16,pending
104,355,2026-04-08,pending
105,87,2025-12-22,pending
106,10,2025-12-16,pending
107,446,2025-10-27,completed
108,,2025-08-18,cancelled
109,,2025-12-26,cancelled
110,449,2025-12-24,completed
111,306,2026-01-10,processing
112,80,2025-09-21,pending
113,,2025-12-23,cancelled
114,213,2025-08-13,cancelled
115,30,2026-01-15,completed
116,114,2026-01-06,pending
117,20,2026-02-12,completed
118,272,2025-06-15,completed
119,313,2026-03-30,pending
120,21,2025-07-20,cancelled
121,76,2026-01-18,pending
122,346,2026-03-26,cancelled
123,259,2025-10-09,processing
124,480,2026-01-15,cancelled
125,353,2026-01-29,processing
126,213,2026-01-30,cancelled
127,262,2026-03-30,completed
128,417,2026-04-20,cancelled
129,72,2026-05-19,processing
130,256,2026-05-22,completed
131,402,2026-03-31,completed
132,128,2025-12-18,completed
133,114,2026-05-09,processing
134,208,2026-05-14,pending
135,208,2025-08-29,pending
136,447,2025-12-23,cancelled
137,493,2025-09-10,processing
138,227,2025-09-19,pending
139,104,2026-05-13,processing
140,,2025-07-05,processing
141,97,2026-01-17,cancelled
142,,2025-12-22,completed
143,117,2025-09-13,processing
144,142,2025-08-28,cancelled
145,302,2025-09-02,pending
146,491,2026-01-04,processing
147,,2025-11-16,cancelled
148,57,2025-11-11,pending
149,34,2026-05-30,completed
150,301,2026-04-06,cancelled
151,489,2026-07-05,processing
152,277,2026-01-30,cancelled
153,358,2026-01-22,cancelled
154,277,2025-07-21,completed
155,44,2026-03-31,processing
156,49,2026-02-20,cancelled
157,301,2025-08-26,cancelled
158,486,2026-06-24,cancelled
159,406,2026-04-12,pending
160,142,2025-11-24,completed
161,169,2025-08-07,pending
162,,2025-11-29,INVALID_STATUS
163,44,2025-10-29,pending
164,271,2025-12-27,cancelled
165,273,2026-04-23,cancelled
166,443,2026-05-03,completed
167,169,2025-12-01,completed
168,254,2026-05-14,cancelled
169,388,2026-03-04,processing
170,216,2025-12-06,completed
171,261,2025-08-12,processing
172,478,2025-12-04,completed
173,403,2026-03-06,processing
174,,2025-07-29,processing
175,132,2025-07-27,processing
176,401,2025-12-06,cancelled
177,9,2026-06-21,cancelled
178,489,2026-02-24,completed
179,373,2025-07-26,pending
180,474,2025-07-04,processing
181,1,2026-01-07,processing
182,156,2025-10-17,cancelled
183,363,2026-02-04,processing
184,373,2026-01-26,processing
185,336,2025-11-11,cancelled
186,153,2025-09-06,processing
187,236,2026-05-06,pending
188,84,2026-02-15,processing
189,263,2025-08-27,cancelled
190,30,2025-10-13,processing
191,165,2026-05-05,pending
192,381,2025-11-26,completed
193,82,2026-03-13,cancelled
194,282,2026-02-05,pending
195,430,2026-02-12,pending
196,114,2026-02-13,cancelled
197,267,2025-10-21,pending
198,182,2025-09-01,pending
199,424,2025-08-08,processing
200,441,2026-03-02,processing
201,234,2026-02-15,cancelled
202,191,2026-06-06,processing
203,16,2026-02-24,processing
204,120,2026-05-19,cancelled
205,60,2026-05-02,completed
206,453,2026-03-20,pending
207,288,2025-11-06,processing
208,357,2026-06-21,completed
209,24,2026-03-14,completed
210,203,2026-05-03,pending
211,246,2026-02-18,pending
212,47,2025-11-03,processing
213,486,2025-11-08,cancelled
214,30,2025-09-25,completed
215,258,2026-02-15,completed
216,230,2025-10-20,pending
217,309,2025-11-13,pending
218,8,2026-03-09,cancelled
219,484,2026-07-02,processing
220,360,2026-04-14,pending
221,210,2026-05-08,completed
222,454,2025-08-16,cancelled
223,498,2025-07-11,completed
224,387,2025-06-29,processing
225,86,2025-09-05,completed
226,424,2025-07-30,pending
227,95,2025-07-06,pending
228,38,2026-06-05,pending
229,393,2025-12-31,cancelled
230,368,2025-08-26,completed
231,174,2026-05-18,cancelled
232,407,2026-01-17,pending
233,207,2025-11-06,completed
234,455,2026-03-05,cancelled
235,82,2026-04-23,completed
236,477,2025-09-18,pending
237,150,2025-10-06,completed
238,498,2026-05-13,cancelled
239,429,2025-08-24,completed
240,284,2026-02-22,processing
241,82,2025-11-18,completed
242,78,2025-10-28,processing
243,141,2026-05-12,cancelled
244,425,2025-07-21,cancelled
245,217,2025-10-30,cancelled
246,,2026-06-24,pending
247,8,2026-04-08,pending
248,204,2026-01-06,pending
249,473,2026-01-25,cancelled
250,140,2025-11-04,INVALID_STATUS
251,421,2026-05-19,cancelled
252,329,2025-06-10,completed
253,147,2025-12-23,processing
254,328,2025-10-31,pending
255,432,2025-07-03,processing
256,187,2025-11-30,cancelled
257,463,2026-06-22,pending
258,263,2025-09-29,processing
259,446,2026-03-16,processing
260,310,2025-06-23,completed
261,228,2025-09-21,cancelled
262,54,2026-04-11,INVALID_STATUS
263,249,2026-05-12,pending
264,389,2025-10-17,cancelled
265,313,2025-12-27,pending
266,389,2025-10-29,pending
267,322,2026-02-01,completed
268,225,2025-11-23,cancelled
269,255,2026-05-25,processing
270,271,2025-07-22,processing
271,490,2025-12-06,processing
272,293,2026-04-15,cancelled
273,122,2026-02-23,processing
274,318,2025-11-01,processing
275,174,2025-09-02,completed
276,25,2026-04-02,processing
277,366,2025-12-01,processing
278,93,2026-01-10,processing
279,355,2026-06-05,completed
280,165,2025-11-06,completed
281,371,2026-06-12,cancelled
282,220,2026-01-18,processing
283,320,2025-09-09,INVALID_STATUS
284,,2026-01-07,completed
285,144,2025-11-04,processing
286,257,2026-01-11,pending
287,242,2026-03-04,processing
288,460,2025-11-30,processing
289,468,2026-03-16,completed
290,150,2026-02-27,cancelled
291,389,2026-01-31,pending
292,210,2026-04-19,INVALID_STATUS
293,364,2025-09-30,pending
294,83,2025-12-01,pending
295,13,2025-10-29,processing
296,13,2025-12-10,cancelled
297,272,2025-07-04,pending
298,254,2025-07-22,completed
299,258,2025-10-23,cancelled
300,63,2026-02-07,processing
301,336,2025-10-01,pending
302,153,2025-10-13,cancelled
303,12,2025-06-08,processing
304,66,2026-03-16,completed
305,97,2025-12-13,pending
306,11,2025-11-08,processing
307,425,2026-03-03,pending
308,359,2026-06-14,completed
309,,2025-12-23,processing
310,243,2025-09-09,pending
311,419,2026-02-25,processing
312,380,2025-09-09,completed
313,3,2026-02-22,completed
314,54,2025-12-28,completed
315,219,2025-10-01,completed
316,337,2026-02-08,cancelled
317,289,2026-06-10,completed
318,239,2026-02-21,cancelled
319,123,2026-04-26,completed
320,232,2026-06-08,pending
321,358,2026-01-18,completed
322,,2025-09-15,processing
323,106,2026-04-03,pending
324,182,2025-09-02,completed
325,249,2025-12-19,cancelled
326,376,2026-02-09,cancelled
327,,2025-06-13,pending
328,133,2025-11-26,processing
329,371,2026-05-19,pending
330,397,2025-10-18,completed
331,118,2025-07-23,cancelled
332,260,2025-08-17,cancelled
333,296,2026-02-28,pending
334,245,2026-01-17,pending
335,407,2025-06-13,processing
336,68,2025-07-24,cancelled
337,,2026-06-08,cancelled
338,473,2026-05-14,processing
339,495,2026-04-18,completed
340,301,2026-01-25,cancelled
341,472,2026-03-04,processing
342,248,2025-06-28,completed
343,497,2026-01-19,cancelled
344,145,2025-10-10,completed
345,359,2026-01-04,cancelled
346,38,2025-06-08,cancelled
347,2,2026-01-07,pending
348,150,2025-11-15,completed
349,27,2026-05-06,processing
350,312,2026-01-20,completed
351,139,2026-02-10,cancelled
352,359,2025-11-07,cancelled
353,68,2026-02-05,cancelled
354,108,2025-06-29,cancelled
355,480,2025-10-19,processing
356,448,2025-09-25,cancelled
357,299,2026-03-07,processing
358,402,2025-10-09,cancelled
359,495,2025-08-29,processing
360,44,2026-03-18,completed
361,303,2026-06-16,completed
362,463,2026-06-01,cancelled
363,169,2026-06-21,cancelled
364,469,2026-04-06,processing
365,300,2026-05-18,cancelled
366,50,2026-04-14,completed
367,278,2025-11-29,pending
368,344,2026-04-13,completed
369,226,2026-02-10,completed
370,,2026-05-24,pending
371,433,2025-08-04,pending
372,,2026-01-27,processing
373,128,2026-03-15,processing
374,74,2026-03-04,pending
375,269,2026-03-26,pending
376,108,2026-06-21,processing
377,487,2025-12-11,cancelled
378,483,2025-09-09,processing
379,,2026-02-15,completed
380,65,2026-05-18,processing
381,251,2026-02-17,processing
382,141,2025-11-15,pending
383,37,2025-09-28,completed
384,386,2025-07-17,processing
385,407,2025-12-21,pending
386,104,2026-03-03,completed
387,385,2026-01-28,processing
388,238,2025-09-24,completed
389,206,2025-07-04,pending
390,253,2025-12-17,processing
391,253,2025-11-14,cancelled
392,459,2025-09-08,cancelled
393,264,2025-09-14,completed
394,376,2025-06-09,pending
395,52,2025-12-13,processing
396,308,2025-06-09,completed
397,25,2026-01-02,processing
398,216,2025-10-03,completed
399,125,2025-11-07,processing
400,388,2026-01-04,cancelled
401,41,2026-07-03,completed
402,441,2025-12-01,cancelled
403,303,2025-12-06,completed
404,49,2026-06-14,processing
405,177,2025-12-20,processing
406,333,2026-03-07,cancelled
407,56,2025-08-20,cancelled
408,218,2025-12-04,processing
409,29,2026-04-11,processing
410,208,2025-08-08,processing
411,216,2026-05-27,completed
412,53,2025-09-28,cancelled
413,197,2026-05-27,cancelled
414,421,2025-08-13,pending
415,346,2025-12-20,completed
416,395,2025-11-19,cancelled
417,427,2026-02-12,completed
418,452,2025-06-12,completed
419,450,2025-11-09,completed
420,214,2025-09-27,cancelled
421,268,2025-11-12,cancelled
422,171,2025-07-16,processing
423,459,2026-06-16,cancelled
424,368,2025-08-02,processing
425,,2026-03-18,cancelled
426,,2026-03-31,INVALID_STATUS
427,184,2026-07-03,completed
428,90,2026-05-03,completed
429,423,2026-05-11,completed
430,151,2025-12-17,completed
431,298,2026-01-12,completed
432,132,2025-12-22,processing
433,438,2025-08-19,completed
434,281,2026-07-04,cancelled
435,32,2026-06-28,processing
436,53,2025-06-28,cancelled
437,383,2026-06-28,pending
438,149,2026-05-27,completed
439,54,2026-01-16,cancelled
440,44,2026-02-05,processing
441,211,2025-07-09,pending
442,314,2026-06-18,processing
443,142,2025-12-17,processing
444,376,2026-01-16,pending
445,78,2025-10-13,cancelled
446,489,2025-08-06,cancelled
447,149,2025-06-25,pending
448,107,2026-04-04,processing
449,447,2025-06-29,cancelled
450,38,2025-07-21,pending
451,112,2026-06-22,pending
452,222,2025-07-11,pending
453,381,2026-06-02,completed
454,368,2026-03-24,processing
455,328,2026-03-22,pending
456,283,2026-05-24,completed
457,487,2026-04-08,pending
458,491,2025-12-21,cancelled
459,4,2026-03-21,cancelled
460,32,2026-05-17,completed
461,42,2026-05-07,pending
462,80,2025-06-16,pending
463,436,2025-08-17,processing
464,461,2026-01-19,pending
465,240,2025-09-01,cancelled
466,395,2025-11-09,processing
467,47,2025-06-12,completed
468,265,2025-07-02,cancelled
469,165,2026-05-15,cancelled
470,32,2026-02-11,pending
471,124,2025-09-18,completed
472,474,2026-02-28,cancelled
473,181,2026-06-11,completed
474,12,2025-10-22,processing
475,141,2025-12-13,pending
476,379,2026-05-06,completed
477,243,2026-02-03,completed
478,46,2025-08-01,cancelled
479,1,2025-07-01,completed
480,439,2026-04-16,pending
481,2,2026-04-22,cancelled
482,413,2025-12-13,pending
483,74,2025-09-18,completed
484,466,2025-11-18,pending
485,8,2026-03-25,cancelled
486,89,2025-11-18,cancelled
487,339,2026-01-05,cancelled
488,81,2026-06-14,pending
489,115,2026-03-19,INVALID_STATUS
490,378,2026-07-06,pending
491,261,2025-07-31,completed
492,370,2025-11-10,processing
493,256,2025-07-19,pending
494,318,2026-02-05,completed
495,287,2026-06-26,cancelled
496,425,2026-05-15,pending
497,100,2025-07-13,cancelled
498,441,2025-11-28,cancelled
499,103,2025-11-04,cancelled
500,231,2025-11-30,pending
501,406,2025-09-16,completed
502,308,2025-11-04,processing
503,301,2026-05-27,completed
504,165,2025-07-18,cancelled
505,257,2026-06-21,pending
506,,2026-02-10,completed
507,434,2026-04-26,cancelled
508,490,2026-01-23,processing
509,,2026-03-01,cancelled
510,44,2026-04-13,completed
511,319,2026-05-16,cancelled
512,334,2025-12-28,completed
513,132,2026-03-29,completed
514,31,2025-06-19,completed
515,480,2025-11-26,completed
516,,2025-12-31,completed
517,390,2025-11-25,completed
518,413,2026-06-01,pending
519,2,2026-03-29,pending
520,206,2026-02-06,pending
521,427,2025-06-19,cancelled
522,183,2026-05-09,pending
523,294,2025-08-11,processing
524,57,2025-06-20,cancelled
525,14,2026-05-06,cancelled
526,137,2025-07-14,cancelled
527,60,2025-11-27,processing
528,36,2026-05-13,pending
529,111,2025-07-07,cancelled
530,354,2026-06-28,completed
531,491,2026-04-13,cancelled
532,362,2025-11-18,cancelled
533,330,2026-05-18,INVALID_STATUS
534,424,2026-01-20,completed
535,485,2025-07-17,cancelled
536,,2025-09-22,completed
537,110,2026-03-01,processing
538,420,2025-11-06,pending
539,173,2025-08-14,completed
540,435,2026-03-13,cancelled
541,293,2025-06-20,processing
542,299,2026-04-03,processing
543,321,2025-12-27,processing
544,247,2026-03-26,cancelled
545,391,2025-09-06,completed
546,32,2025-10-17,cancelled
547,392,2025-06-22,pending
548,245,2026-03-25,pending
549,34,2026-04-08,pending
550,463,2025-09-21,completed
551,235,2026-04-04,completed
552,215,2026-01-19,pending
553,234,2025-09-28,pending
554,69,2025-07-26,completed
555,116,2026-06-02,processing
556,409,2026-01-16,completed
557,27,2025-11-11,cancelled
558,265,2026-03-07,completed
559,493,2025-08-02,pending
560,307,2025-08-29,pending
561,280,2026-03-29,processing
562,63,2026-04-22,cancelled
563,271,2026-01-18,cancelled
564,237,2026-03-18,cancelled
565,17,2026-03-19,pending
566,327,2025-10-31,processing
567,486,2026-03-16,cancelled
568,492,2026-02-22,cancelled
569,,2025-10-17,processing
570,401,2026-01-05,pending
571,358,2025-12-28,pending
572,490,2025-12-10,completed
573,228,2025-08-18,processing
574,225,2025-12-07,cancelled
575,223,2026-07-07,pending
576,142,2026-05-22,cancelled
577,204,2026-03-13,cancelled
578,423,2026-04-20,cancelled
579,429,2026-03-09,pending
580,158,2026-01-08,completed
581,190,2026-06-07,completed
582,263,2025-10-06,pending
583,213,2025-07-17,processing
584,146,2025-11-27,processing
585,39,2026-05-05,pending
586,194,2026-02-28,processing
587,451,2026-02-19,cancelled
588,485,2025-08-23,processing
589,123,2025-06-14,processing
590,103,2025-09-09,completed
591,360,2026-06-06,completed
592,400,2025-10-21,cancelled
593,404,2025-11-06,pending
594,,2025-09-13,INVALID_STATUS
595,390,2025-10-07,pending
596,121,2025-08-30,cancelled
597,57,2026-02-12,cancelled
598,263,2025-12-30,INVALID_STATUS
599,249,2026-05-06,processing
600,378,2026-03-02,cancelled
601,353,2026-05-18,completed
602,147,2026-02-10,cancelled
603,410,2026-02-18,completed
604,,2025-12-19,pending
605,140,2026-01-27,pending
606,476,2025-11-19,completed
607,418,2026-04-29,completed
608,266,2025-08-06,completed
609,388,2025-07-24,cancelled
610,,2026-02-16,cancelled
611,286,2025-12-27,pending
612,479,2025-10-02,cancelled
613,389,2026-02-20,completed
614,413,2026-06-17,processing
615,123,2025-12-23,processing
616,116,2025-09-15,cancelled
617,72,2026-01-15,processing
618,333,2026-05-03,pending
619,237,2026-04-08,pending
620,134,2025-12-06,pending
621,24,2025-12-19,cancelled
622,109,2026-01-23,completed
623,268,2025-08-31,cancelled
624,441,2026-02-19,pending
625,202,2025-11-04,pending
626,28,2025-06-24,completed
627,347,2025-07-17,cancelled
628,246,2025-07-05,completed
629,79,2025-09-10,cancelled
630,203,2025-12-25,completed
631,296,2025-09-27,pending
632,450,2025-07-07,pending
633,43,2025-09-07,pending
634,137,2026-03-21,completed
635,454,2025-12-14,cancelled
636,276,2026-04-16,pending
637,438,2026-06-17,cancelled
638,344,2026-01-23,processing
639,446,2026-02-28,processing
640,483,2026-05-07,completed
641,117,2026-05-25,cancelled
642,79,2026-04-24,processing
643,181,2025-10-08,completed
644,60,2026-02-10,cancelled
645,440,2026-01-29,cancelled
646,62,2025-07-22,cancelled
647,183,2026-04-20,processing
648,61,2025-08-03,processing
649,51,2025-12-01,processing
650,494,2025-10-03,cancelled
651,441,2025-07-30,processing
652,172,2026-04-30,pending
653,,2026-02-08,cancelled
654,76,2026-07-03,processing
655,332,2025-11-29,processing
656,44,2025-08-02,cancelled
657,233,2025-06-17,pending
658,350,2025-11-27,processing
659,41,2025-06-24,pending
660,365,2026-03-30,pending
661,12,2026-06-05,pending
662,424,2026-02-12,pending
663,10,2026-01-04,processing
664,387,2026-05-13,completed
665,,2025-06-26,processing
666,158,2025-08-18,processing
667,403,2026-04-10,completed
668,,2025-07-23,processing
669,85,2026-05-23,completed
670,35,2026-04-16,pending
671,180,2026-04-19,completed
672,392,2025-09-09,completed
673,160,2025-10-07,processing
674,112,2026-05-02,processing
675,191,2025-11-23,completed
676,156,2026-01-17,processing
677,499,2026-03-16,pending
678,409,2026-04-04,processing
679,172,2025-11-06,pending
680,21,2026-05-30,processing
681,151,2025-10-01,completed
682,322,2026-02-18,processing
683,135,2026-03-07,completed
684,307,2025-12-10,cancelled
685,405,2026-05-08,completed
686,408,2026-03-11,cancelled
687,239,2025-11-06,completed
688,372,2025-07-27,completed
689,252,2025-08-05,completed
690,466,2026-02-19,processing
691,323,2025-06-26,pending
692,110,2025-10-19,pending
693,59,2026-03-04,processing
694,260,2025-12-17,processing
695,340,2025-06-24,pending
696,,2025-10-03,completed
697,68,2025-09-22,completed
698,424,2025-12-24,processing
699,15,2026-01-09,pending
700,18,2025-10-27,pending
701,165,2026-06-25,processing
702,71,2026-02-04,completed
703,169,2026-02-05,pending
704,183,2025-08-08,cancelled
705,99,2025-12-30,completed
706,397,2026-04-23,processing
707,151,2026-01-13,cancelled
708,137,2026-04-13,completed
709,136,2026-03-08,processing
710,385,2026-04-23,cancelled
711,139,2026-06-23,completed
712,235,2025-07-30,cancelled
713,,2025-10-21,processing
714,415,2026-02-04,pending
715,360,2026-05-11,completed
716,51,2025-08-31,INVALID_STATUS
717,292,2026-03-16,completed
718,69,2026-05-09,pending
719,306,2025-06-16,processing
720,,2025-12-13,processing
721,145,2026-06-30,cancelled
722,39,2026-06-27,completed
723,476,2026-01-31,processing
724,454,2025-10-07,INVALID_STATUS
725,77,2025-10-12,pending
726,335,2026-06-27,completed
727,,2026-03-01,completed
728,59,2025-11-16,cancelled
729,446,2026-01-31,pending
730,395,2025-11-28,cancelled
731,161,2025-08-09,pending
732,,2025-12-06,INVALID_STATUS
733,155,2025-08-30,INVALID_STATUS
734,91,2025-07-04,processing
735,200,2025-07-07,cancelled
736,,2026-01-12,pending
737,296,2025-07-12,completed
738,288,2026-06-14,pending
739,477,2025-11-06,processing
740,107,2026-02-14,processing
741,345,2025-11-22,cancelled
742,60,2026-07-01,pending
743,41,2025-07-31,cancelled
744,155,2025-09-02,completed
745,431,2026-04-15,cancelled
746,266,2026-05-22,cancelled
747,312,2025-09-03,cancelled
748,4,2026-03-09,pending
749,205,2025-10-29,completed
750,82,2026-01-20,cancelled
751,306,2025-09-28,processing
752,464,2025-07-26,cancelled
753,146,2026-04-15,pending
754,274,2025-11-14,pending
755,399,2026-03-26,pending
756,,2026-03-11,pending
757,459,2025-12-21,processing
758,101,2025-07-23,processing
759,459,2026-02-02,processing
760,110,2026-01-06,cancelled
761,411,2025-09-13,cancelled
762,409,2025-06-24,processing
763,260,2025-07-31,processing
764,,2026-04-26,processing
765,283,2026-02-23,processing
766,490,2025-11-26,cancelled
767,240,2025-09-30,completed
768,24,2025-10-30,processing
769,,2025-09-14,cancelled
770,269,2026-01-28,completed
771,465,2025-08-04,pending
772,201,2026-02-22,pending
773,35,2025-12-06,processing
774,129,2026-01-28,processing
775,276,2026-07-04,processing
776,481,2025-08-08,pending
777,,2025-12-18,cancelled
778,239,2026-02-15,completed
779,468,2026-06-16,processing
780,,2025-11-27,completed
781,197,2026-04-27,cancelled
782,58,2025-08-12,pending
783,106,2026-05-11,processing
784,116,2026-04-26,processing
785,302,2026-03-04,INVALID_STATUS
786,290,2026-03-30,pending
787,161,2026-01-22,pending
788,473,2026-07-06,cancelled
789,201,2025-11-03,processing
790,,2026-02-26,cancelled
791,188,2025-07-22,cancelled
792,8,2026-04-23,completed
793,500,2025-12-12,pending
794,119,2025-11-21,cancelled
795,354,2026-06-26,completed
796,,2026-04-19,pending
797,221,2026-05-15,processing
798,91,2026-06-21,pending
799,205,2025-07-16,cancelled
800,288,2025-06-13,cancelled
801,67,2025-06-27,pending
802,447,2025-07-10,processing
803,261,2026-03-07,cancelled
804,144,2025-07-25,processing
805,419,2026-01-04,pending
806,187,2025-08-17,processing
807,168,2025-10-11,pending
808,29,2026-03-29,pending
809,193,2026-02-28,completed
810,130,2026-04-10,pending
811,444,2025-09-24,completed
812,190,2026-02-25,processing
813,327,2026-03-16,cancelled
814,,2025-12-30,cancelled
815,299,2026-06-06,cancelled
816,235,2026-04-23,cancelled
817,41,2025-09-30,INVALID_STATUS
818,350,2026-03-14,processing
819,492,2026-03-17,cancelled
820,17,2026-06-28,processing
821,74,2025-09-28,cancelled
822,313,2025-08-22,pending
823,415,2025-12-24,completed
824,462,2026-06-10,pending
825,173,2026-04-11,cancelled
826,435,2025-11-11,completed
827,307,2026-05-05,completed
828,11,2026-02-08,pending
829,233,2025-08-17,cancelled
830,61,2025-06-22,completed
831,259,2025-06-07,processing
832,231,2026-06-22,processing
833,442,2025-07-12,cancelled
834,410,2026-04-13,cancelled
835,485,2025-09-05,completed
836,202,2025-09-07,processing
837,114,2026-01-16,completed
838,109,2026-02-14,pending
839,140,2025-12-08,completed
840,3,2026-01-09,completed
841,409,2025-10-08,cancelled
842,452,2026-03-22,processing
843,454,2026-06-15,processing
844,33,2025-07-01,cancelled
845,45,2025-10-29,cancelled
846,374,2025-12-06,completed
847,12,2025-10-20,cancelled
848,180,2025-10-10,cancelled
849,35,2025-10-14,processing
850,186,2026-03-16,completed
851,486,2026-02-02,pending
852,281,2025-10-09,processing
853,424,2025-08-11,completed
854,112,2026-03-29,cancelled
855,346,2026-05-04,cancelled
856,291,2025-09-18,pending
857,126,2026-01-03,cancelled
858,76,2026-05-29,pending
859,164,2025-11-08,processing
860,62,2025-12-19,processing
861,38,2026-05-14,pending
862,133,2026-03-10,processing
863,491,2026-06-25,processing
864,22,2025-12-09,cancelled
865,243,2025-08-24,INVALID_STATUS
866,35,2026-05-11,cancelled
867,97,2025-06-24,processing
868,490,2026-06-16,pending
869,387,2025-08-15,cancelled
870,407,2025-11-30,processing
871,17,2025-11-01,completed
872,82,2025-06-27,processing
873,,2026-05-27,pending
874,62,2026-05-24,pending
875,43,2026-01-31,INVALID_STATUS
876,226,2025-07-14,pending
877,49,2026-06-21,completed
878,423,2026-05-25,completed
879,294,2025-07-04,processing
880,430,2026-01-10,processing
881,,2025-10-05,processing
882,299,2025-09-27,cancelled
883,366,2026-02-11,completed
884,213,2025-11-11,pending
885,36,2025-09-07,completed
886,437,2026-02-06,cancelled
887,78,2026-05-25,processing
888,173,2025-12-10,processing
889,249,2025-08-23,pending
890,305,2026-05-03,pending
891,133,2025-11-11,cancelled
892,279,2025-12-13,pending
893,374,2025-07-12,pending
894,124,2025-09-29,cancelled
895,263,2025-12-13,pending
896,310,2026-04-05,cancelled
897,144,2026-02-21,processing
898,478,2026-01-29,pending
899,209,2026-06-27,processing
900,334,2026-02-09,cancelled
901,271,2025-09-02,pending
902,247,2026-07-06,completed
903,323,2026-01-09,processing
904,363,2026-04-20,processing
905,182,2026-02-06,completed
906,334,2026-01-24,processing
907,336,2026-01-22,processing
908,111,2025-09-11,completed
909,37,2025-06-09,cancelled
910,,2025-10-05,pending
911,93,2025-10-03,processing
912,274,2025-11-24,cancelled
913,289,2026-06-17,pending
914,359,2026-05-29,cancelled
915,261,2025-10-19,cancelled
916,116,2025-11-11,completed
917,97,2025-07-06,processing
918,449,2025-07-11,cancelled
919,376,2026-06-26,pending
920,216,2026-02-13,completed
921,13,2026-04-27,cancelled
922,1,2026-02-24,pending
923,368,2025-08-27,processing
924,448,2025-10-09,pending
925,369,2025-06-09,completed
926,406,2025-07-30,pending
927,348,2026-02-14,pending
928,111,2026-03-10,pending
929,121,2025-09-29,processing
930,425,2025-07-21,processing
931,496,2025-08-11,completed
932,,2026-04-30,pending
933,96,2025-07-13,processing
934,17,2026-07-06,processing
935,190,2026-01-14,cancelled
936,89,2025-11-06,cancelled
937,459,2026-04-05,processing
938,471,2026-02-15,completed
939,342,2025-12-23,completed
940,335,2026-07-01,processing
941,248,2025-08-31,processing
942,407,2026-07-05,cancelled
943,495,2025-07-13,cancelled
944,,2026-06-01,processing
945,361,2025-11-20,pending
946,64,2026-03-25,cancelled
947,315,2026-01-08,completed
948,216,2025-11-19,processing
949,24,2026-06-24,completed
950,328,2025-09-16,pending
951,464,2025-06-21,pending
952,348,2026-05-22,pending
953,129,2026-06-08,pending
954,143,2025-06-28,pending
955,301,2025-08-09,completed
956,319,2026-03-16,cancelled
957,25,2026-02-15,completed
958,439,2026-05-05,pending
959,319,2026-06-24,completed
960,172,2025-11-21,completed
961,271,2025-12-13,processing
962,286,2025-11-04,completed
963,258,2025-12-12,completed
964,419,2025-11-14,INVALID_STATUS
965,314,2025-11-06,pending
966,128,2025-06-17,completed
967,174,2025-11-22,completed
968,221,2026-04-29,cancelled
969,201,2026-05-30,pending
970,76,2026-04-30,cancelled
971,8,2025-07-15,pending
972,147,2025-09-03,cancelled
973,53,2025-11-03,cancelled
974,,2026-03-12,processing
975,68,2025-11-18,processing
976,162,2025-09-02,processing
977,47,2026-04-17,pending
978,427,2025-10-30,completed
979,204,2025-06-09,pending
980,446,2026-02-17,cancelled
981,322,2025-09-01,processing
982,417,2025-09-13,completed
983,24,2026-01-28,processing
984,366,2025-10-19,pending
985,46,2025-12-08,processing
986,495,2026-01-15,pending
987,37,2025-07-30,cancelled
988,184,2026-06-01,cancelled
989,232,2025-12-17,cancelled
990,415,2026-02-07,processing
991,,2025-08-21,pending
992,196,2026-02-03,pending
993,478,2026-07-07,completed
994,,2025-08-10,pending
995,323,2026-06-05,INVALID_STATUS
996,493,2025-11-23,cancelled
997,381,2026-06-22,completed
998,132,2025-11-14,cancelled
999,399,2025-07-03,completed
1000,299,2026-04-28,completed
