id,name,category,price
1,Energy,Electronics,55.51
2,Cause,Sports,1588.24
3,Fine,Home,825.8
4,Seem,Luxury,-78.17
5,Age,Luxury,529.94
6,Main,Luxury,1985.35
7,Baby,Fashion,724.66
8,Inside,Fashion,1897.31
9,Even,Electronics,1262.48
10,Easy,,1440.99
11,Main,Sports,1333.73
12,Already,Luxury,330.85
13,Reach,Home,1779.36
14,Half,Electronics,656.06
15,Buy,Luxury,202.98
16,Talk,Fashion,1042.69
17,Week,Sports,895.76
18,When,Luxury,1510.88
19,Either,Electronics,321.95
20,Capital,Home,248.69
21,Push,Fashion,1841.54
22,Paper,,309.0
23,Strategy,Fashion,1939.74
24,Better,Sports,703.62
25,Policy,Fashion,1420.38
26,Ago,Home,1589.01
27,Six,Fashion,862.08
28,Majority,Luxury,130.03
29,Officer,Fashion,1443.69
30,Fill,Sports,61.09
31,Good,,327.52
32,We,Luxury,1691.01
33,Wonder,Home,1772.7
34,Could,Fashion,786.63
35,Imagine,Fashion,1037.95
36,Early,,872.43
37,Around,Electronics,1510.86
38,Newspaper,Electronics,268.97
39,Machine,Luxury,27.77
40,Thank,Sports,1064.66
41,Three,Home,1175.58
42,Guy,Fashion,1926.88
43,Whole,,1511.43
44,Could,Electronics,1999.0
45,Stage,Sports,262.07
46,Wish,Sports,1849.3
47,Avoid,Home,61.3
48,May,,859.29
49,Leave,Sports,1372.22
50,Age,Electronics,195.73
51,Order,Electronics,1569.85
52,Certain,,1373.86
53,Magazine,Electronics,1588.6
54,Five,Home,1088.07
55,American,Sports,646.8
56,Fill,Fashion,-34.89
57,Possible,Home,1011.93
58,Speech,Fashion,1038.5
59,Ball,Luxury,200.76
60,Human,Sports,1487.9
61,Drop,Home,1311.33
62,Their,Sports,885.68
63,Away,Luxury,958.68
64,Movie,Electronics,92.63
65,Gas,Electronics,1516.56
66,Arrive,Luxury,1442.71
67,Government,,1275.9
68,Those,Luxury,1237.31
69,Century,Luxury,1766.9
70,War,,1266.77
71,Dinner,Sports,280.56
72,Imagine,,22.78
73,Seek,,1739.09
74,Join,Luxury,-977.7
75,Begin,Sports,1491.79
76,Contain,Luxury,959.36
77,Discussion,Luxury,784.49
78,Level,,1169.54
79,Team,Luxury,1070.29
80,Hospital,Home,1015.05
81,Especially,Home,147.48
82,East,Luxury,397.01
83,Security,Luxury,1705.86
84,Radio,Home,49.17
85,Blood,Sports,517.57
86,Receive,Fashion,1486.76
87,Food,Home,-1446.1
88,Free,Home,964.61
89,Tonight,Luxury,828.43
90,Air,Home,1521.44
91,Pressure,Fashion,1205.41
92,However,Luxury,1147.55
93,Beat,Luxury,471.54
94,Approach,Luxury,348.27
95,Eat,Sports,434.56
96,Director,Sports,221.11
97,Imagine,Fashion,1236.69
98,Significant,Sports,1492.17
99,Before,Sports,-1230.21
100,Sell,Sports,1490.22
101,Staff,Sports,1652.7
102,Economic,Luxury,158.71
103,Any,Fashion,1682.51
104,Shake,Electronics,1249.15
105,Cost,,1528.71
106,Build,Sports,714.88
107,Wait,,1253.88
108,Southern,Electronics,1066.19
109,Interesting,Electronics,117.77
110,Necessary,Fashion,1801.43
111,Word,Sports,1649.54
112,Buy,Luxury,1138.93
113,Animal,,711.85
114,Weight,Sports,578.56
115,Trial,,196.59
116,Marriage,Home,319.59
117,Firm,,1124.79
118,Perhaps,Home,546.55
119,There,Electronics,-34.87
120,History,Electronics,1731.45
121,Like,Electronics,1094.04
122,Character,,435.19
123,Foot,,878.62
124,Past,,1378.05
125,Cell,Electronics,1548.78
126,Remember,Home,550.94
127,Phone,,555.54
128,War,Home,332.09
129,None,Fashion,1278.1
130,Make,Electronics,1066.13
131,No,Fashion,1279.75
132,Forward,Home,1471.32
133,World,,454.45
134,Throw,Sports,-206.5
135,Major,Luxury,508.69
136,Situation,Fashion,1275.9
137,Near,Fashion,1444.06
138,Once,,710.39
139,Sit,Luxury,120.65
140,Medical,Electronics,407.3
141,Professor,,1344.45
142,May,Luxury,256.32
143,Activity,Luxury,251.87
144,Response,Sports,798.71
145,Conference,Sports,1876.47
146,Brother,Home,1039.74
147,Buy,Home,655.59
148,Wish,Home,1493.72
149,Able,,1009.05
150,Choice,,145.09
151,Stop,Fashion,1830.29
152,Reach,,1718.92
153,Item,Electronics,1229.24
154,Do,Electronics,1093.88
155,Against,Fashion,-1093.3
156,Entire,Sports,1751.07
157,Eat,,461.63
158,Future,Sports,1201.46
159,First,,668.11
160,Game,Sports,1322.17
161,Above,Luxury,707.4
162,Newspaper,Luxury,676.69
163,Give,,887.3
164,Major,,679.54
165,Travel,Electronics,551.59
166,Very,Fashion,262.83
167,Glass,Home,36.41
168,Stay,Luxury,1123.79
169,When,Electronics,915.06
170,Trial,Home,1570.63
171,Nation,,389.79
172,None,Home,589.38
173,Relationship,Home,417.82
174,Lawyer,,1883.1
175,Not,Luxury,445.71
176,Gas,Home,1162.44
177,Week,Fashion,1621.06
178,Agency,Home,522.94
179,Check,Electronics,895.94
180,Run,Sports,1351.01
181,Word,Home,812.22
182,Serious,Luxury,210.12
183,White,Electronics,266.42
184,Half,Luxury,1282.27
185,Recently,Electronics,1947.28
186,Approach,,1874.57
187,Whole,Luxury,61.73
188,Money,,916.08
189,System,Home,974.26
190,Media,Electronics,888.84
191,Age,Luxury,852.61
192,Share,Fashion,612.73
193,Change,,1449.3
194,Expect,Electronics,1400.35
195,Pick,Luxury,1414.59
196,Air,,1534.35
197,Increase,Luxury,-64.82
198,Little,Fashion,1251.46
199,Study,,737.39
200,Near,Home,1232.82
201,Unit,Electronics,63.74
202,Consider,,-1875.29
203,When,Sports,1289.25
204,Dark,Luxury,315.85
205,Available,Sports,1416.36
206,Late,Luxury,1780.14
207,Direction,Fashion,40.47
208,Culture,Home,430.2
209,Debate,,1044.43
210,How,Sports,201.15
211,Toward,Luxury,1794.74
212,System,Sports,1935.96
213,Sister,Sports,-1697.34
214,Edge,,705.14
215,Report,,1659.65
216,Opportunity,Sports,1556.1
217,Wind,Fashion,1821.91
218,Citizen,Luxury,1832.07
219,Themselves,Sports,1803.37
220,Arrive,Sports,505.97
221,Ball,,1723.97
222,Member,,1554.61
223,Report,Electronics,580.89
224,Anyone,Fashion,1539.34
225,Fire,Sports,1195.01
226,Suffer,Sports,167.95
227,Defense,Sports,903.51
228,Activity,Luxury,1632.45
229,Including,Home,1177.79
230,Rule,Home,429.37
231,Kitchen,Fashion,1640.75
232,Force,Electronics,494.99
233,Social,,593.22
234,Reduce,Fashion,1554.48
235,Lose,Luxury,463.84
236,Foot,Sports,538.17
237,Indeed,Sports,538.78
238,Later,Home,151.4
239,Lose,Electronics,1588.41
240,Six,Sports,941.11
241,Last,Fashion,1078.9
242,Main,Electronics,1242.74
243,Open,Luxury,623.65
244,Side,Home,1649.12
245,House,,119.56
246,Crime,Luxury,1427.9
247,More,,452.18
248,Product,,1963.11
249,Mean,Sports,424.46
250,Parent,Electronics,1368.18
251,Food,Home,1684.54
252,Scientist,Home,999.05
253,Growth,Sports,1300.0
254,Door,Sports,1666.44
255,School,,783.24
256,Speech,Sports,-923.98
257,Order,Sports,1815.76
258,Test,Fashion,-447.03
259,First,Sports,1094.57
260,Up,Luxury,1818.04
261,Available,Sports,605.98
262,Main,Sports,706.5
263,Door,Sports,120.91
264,Concern,Sports,895.35
265,Customer,Fashion,1447.6
266,That,Electronics,46.5
267,Each,Fashion,1741.41
268,International,Electronics,1752.22
269,Yes,Electronics,399.4
270,Rate,Sports,304.93
271,Adult,Fashion,1809.06
272,Blue,Electronics,561.4
273,His,Electronics,1933.3
274,He,Electronics,655.66
275,Meeting,Home,-424.1
276,Raise,Sports,427.81
277,Deep,Home,353.5
278,High,Home,36.76
279,Cost,Electronics,17.03
280,Himself,,1058.54
281,Car,Sports,1489.2
282,Beyond,,1995.3
283,Learn,Home,1675.96
284,What,Fashion,554.1
285,From,Home,621.86
286,Professional,Home,-1381.18
287,Job,Electronics,1853.5
288,Happen,,978.53
289,History,Fashion,991.88
290,Her,,1640.59
291,Power,,1625.85
292,Order,Home,917.27
293,Would,Electronics,343.29
294,Threat,Electronics,36.76
295,Mention,Electronics,1120.88
296,North,Fashion,1126.08
297,Ready,Sports,395.02
298,Also,,1319.37
299,This,,205.6
300,Together,Home,1554.65
